Sample;Plant_species;P-Ser;Asp;OH-Pro;Thr;Ser;Glu;A-AAA;Pro;Gly;Ala;Citr;Val;Cys;Met;Ile;Leu;Tyr;B-ALA;Phe;B-AIBA;GABA;Ammoniumsulfat;Orn;Lysin;1-Meth;His;Arg;Summe_AS_(mg/g);Summe_AS_essential(mg/g);Summe_AS_non_essential(mg/g);;;;;;;
NB75;Acer_pseudoplatanus;0.2376684;14.2353644;0;5.14128974;7.87795968;11.3553904;0;7.06224134;8.13852091;8.75980591;0;3.51723763;0.56143692;2.86728979;2.85212006;9.27516826;4.08908966;0;5.46313757;0;0.11191711;2.47341168;0.07291094;9.15838906;0;2.46149683;7.10936678;11.28212131;3.868710666;7.413410641;;;;;;;
NB352;Achillea_millefolium;0;2.06907814;0;0.70436508;1.21951259;1.54525228;0;1.1372177;1.6150473;1.45213455;0;0.54190255;0;0.20776341;0.32866023;1.5341089;0.55444862;0;0.6093855;0;0;0.62943794;0;1.11843943;0;0.25689105;0.60819401;1.613183928;0.479127073;1.134056855;;;;;;;
NA;Aesculus_hippocastanum;0.160339394;12.46375758;0;5.2752;8.235733333;10.48077576;0;8.465163636;12.73755152;11.31864242;0;3.564557576;0;2.269478788;2.576436364;8.711466667;2.74409697;0;3.575951515;0;0.155830303;7.190545455;0;8.695418182;0;2.112290909;4.632824242;11.53660606;3.271820606;8.264785455;;;;;;;
J603_1;Aesculus_x_carnea;0.076388855;4.846932883;0;1.813704083;2.922736772;3.993247614;0;3.135673269;3.228243421;3.386439062;0;1.216228855;0;0.911786924;0.838485628;3.438163862;1.225261903;0;1.777688717;0;0;1.460969379;0;2.952312386;0;0.842532634;1.837581738;3.990437799;1.267617244;2.722820554;;;;;;;
NB396;Ajuga_reptans;0;13.6702628;0.33284071;4.80787278;8.35717687;11.5095385;0;5.35612361;8.66067065;8.8872233;0;3.67723835;0.46448142;2.17437194;2.68340736;9.30993585;3.69259953;0;5.16052268;0;0;2.8454976;0;7.63315148;0;2.00445814;5.65321344;10.6880587;3.547102054;7.140956647;;;;;;;
MH58;Alliaria_petiolata;0.206067327;9.44630495;0;4.289964356;7.448649505;7.727524752;0;6.170186139;11.41929505;8.786233663;0;2.481267327;0;2.163754455;1.905077228;6.39350495;1.92670099;0;2.782289109;0;0;5.909465347;0;7.608475248;0;1.502970297;3.398970297;9.156670099;2.491779802;6.664890297;;;;;;;
MH103;Allium_ursinum;0;11.947968;0;7.084608;10.500528;11.28216;0.625728;8.124576;13.453488;13.219008;0.189648;4.59408;0.321408;2.780496;3.554304;9.469344;3.199056;0;4.286496;0;0;15.527424;0;8.737104;0;2.3268;5.496576;13.67208;3.9592704;9.7128096;;;;;;;
NA;Anemone_nemorosa;0;10.328256;0;3.96696;7.153344;7.98288;0;7.34232;10.071696;9.586896;0;2.596608;0;1.69776;2.088;6.48648;2.10432;0.476256;2.904864;0;0;6.307824;0;7.464624;0;1.936704;3.365904;9.3861696;2.504328;6.8818416;;;;;;;
J558_1;Anthemis_arvensis;0.035780635;4.926875896;0.5520222;1.760960817;2.836466217;3.831827087;0;3.070797939;3.168991435;3.439872078;0;1.109771896;0.175586165;0.816928383;0.852058435;3.4487232;1.253825217;0;1.654140417;0;0;1.054864174;0;3.421995339;0;1.04253913;1.839915548;4.029394221;1.252503783;2.776890438;;;;;;;
LN152;Anthemis_cotula;0;1.588953991;0;0.410678958;0.7264512;0.839414177;0;1.699775386;0.938589321;0.816197442;0;0.254460279;0;0.093267349;0.156488037;0.940026642;0.218097377;0;0.418240298;0;0;0.697599628;0;0.6779736;0;0.169781581;0.314386437;1.09603817;0.275732958;0.820305212;;;;;;;
MH85;Anthriscus_sylvestris;0;12.53572571;0.8624;4.46592;8.918217143;9.89632;0;7.491154286;10.8608;8.975862857;0.258057143;2.900205714;0;1.75936;2.158628571;6.782262857;2.098285714;0;3.435337143;0;0.189897143;16.48288;0;6.484297143;0;2.036525714;3.716114286;11.23082514;2.725435429;8.505389714;;;;;;;
LN178;Anthyllis_vulneraria;0.08960788;3.14866964;0;0.93556184;1.48934444;2.1632526;0;2.30678574;1.81971253;2.1474882;0;0.75471865;0;0.41061411;0.49452733;2.21402072;0.61146417;0;1.07461731;0;0;1.12757684;0;1.79364316;0;0.51779621;0.83533484;2.393473621;0.723719101;1.66975452;;;;;;;
LN146;Aquilegia_vulgaris;0.185421913;13.19870525;0;4.88860967;8.167487332;10.7924328;0;6.392505871;9.125645238;8.648340417;0;3.323555562;0.151802734;2.657451798;2.639242017;8.476952932;3.602999708;0;5.222675896;0;0;2.766321391;0;8.344323047;0;2.525090504;5.529707854;10.66392719;3.526328623;7.13759857;;;;;;;
NB340;Arabidopsis_arenosa;0;4.57107625;0;1.71405434;2.73019357;3.93572644;0;2.21292054;3.23807375;2.79551557;0;1.2418512;0.14915172;0.63386334;0.86830874;3.22545699;1.22688646;0;1.78908182;0;0;1.45872248;0.04425509;2.64775258;0;0.80892381;2.01701975;3.730883444;1.229855999;2.501027445;;;;;;;
J67_1;Arctium_tomentosum;0.389222585;16.76257305;5.8507308;6.618845077;7.960726738;12.77339455;0;13.57963966;8.014279169;10.36422166;0;3.611094277;0.242666031;3.392762092;2.906988308;10.13308062;4.305646523;0;4.960269785;0;0.188688862;3.094715077;0.097014462;10.8503792;0;2.4558848;5.7055592;13.42583825;3.978448415;9.447389837;;;;;;;
J45_1;Atropa_belladonna;0.761159953;25.78026564;1.52386567;9.240735425;14.29091434;29.06369238;0;19.45249897;12.05294628;16.88059188;0;6.736819852;1.016650975;5.07750487;5.007875977;16.02843141;6.467172256;2.160552163;9.191638183;0;0;3.627197825;0.210236505;16.73799798;0;4.593690967;10.05819299;21.59606325;6.593488968;15.00257428;;;;;;;
NA;Bellis_perennis;0;2.968176;0.65688;1.219344;2.256;2.2836;0;1.858704;4.089408;2.89968;0.662016;0.462672;0;0;0.521136;1.967328;0.358224;0;0.59136;0;0;7.42992;0;1.566864;0;0.448992;1.18728;3.3427584;0.6398112;2.7029472;;;;;;;
NB286;Borago_officinalis;0.31158898;16.6688601;0;5.98619652;8.85202377;12.9377772;0;8.97937427;8.5366703;9.85335631;0;4.17824805;0.55650379;3.82687412;3.40100872;11.1801361;4.95931541;0;6.39360237;0;0.11627019;2.19958142;0;10.3552611;0;2.9041825;6.90636692;12.91031981;4.47766153;8.432658284;;;;;;;
MH56;Brassica_napus;0;13.01856;0;6.251712;10.058112;11.480304;0.845376;8.201232;13.126752;11.436144;0.55992;3.763824;0;1.974432;2.689632;8.79528;2.655504;0;3.837408;0;0;7.928784;0;10.664208;0;2.207232;4.428672;12.3923088;3.3948192;8.9974896;;;;;;;
OW_1;Brassica_napus_var_DK_Exception;0;7.154171654;0;2.992125971;4.353246334;6.527636808;0.500152082;3.416519233;3.738939439;4.156961419;0;1.988852586;0.444668957;1.489945039;1.505937946;4.956146276;1.813046103;0;2.839777781;0;0.386414548;1.365173443;0;4.298605559;0;1.0582272;2.647179118;5.76337275;1.947819192;3.815553558;;;;;;;
OW_3;Brassica_napus_var_Elgar;0;8.550206606;0;3.597127355;5.171001368;7.267537187;0.3803488;3.849300439;4.888050658;5.061684774;0;2.283388697;0.586828103;1.55275809;1.743690323;5.965452387;2.657537652;0;3.415057032;0;0.18768191;1.696524387;0;5.426755355;0;1.345373729;3.41440991;6.904071476;2.331725752;4.572345724;;;;;;;
OS_8;Brassica_napus_var_Hybrid;0.076053888;6.194995752;0;2.361581496;3.66050688;5.12755296;1.114330464;4.817376984;3.686683032;4.011339024;0;1.651085472;0.276479568;1.056300192;1.139676672;3.691747584;1.287940608;0.148789872;2.13643248;0;0.2994024;1.28875104;0;3.725608752;0;1.048493952;2.272181184;5.107331026;1.535749903;3.571581122;;;;;;;
OW_12_2;Brassica_napus_var_Lumen;0.108322764;6.3759256;0;2.555120873;3.738884727;5.122253794;0.459449309;3.373308945;3.665207709;4.0153752;0;1.708960679;0.223988727;1.272703127;1.321669042;4.400654739;1.534687127;0;2.358695564;0;0.148289042;1.361655273;0;4.025160679;0;1.029850764;2.627400533;5.142756422;1.727505532;3.41525089;;;;;;;
OW_1;Brassica_napus_var_Phoenix_CL;0;4.302254083;0;1.788603351;2.688331087;3.840775449;0.353666717;2.04282086;2.753778136;2.896361932;0;1.240577479;0;0.6552864;0.920578415;3.356799034;1.406754747;0;1.713953117;0;0.207966317;1.520432151;0;2.738717706;0;0.628682989;1.541334747;3.659767472;1.184581553;2.475185918;;;;;;;
MH73;Bunias_orientalis;0;15.59541099;0;6.192369231;10.25475165;11.80050989;0;8.889125275;13.20369231;12.5394989;0.196272527;3.897072527;0;2.335648352;3.240843956;10.40977582;2.666373626;0;4.255859341;0;0.286997802;15.89332747;0;8.531287912;0;2.870505495;4.705054945;13.7764378;3.790712967;9.985724835;;;;;;;
MS087;Calluna_vulgaris;0.101004022;7.82837088;0;2.801050102;4.559146276;6.423338138;0;7.741148858;4.599266007;4.9943304;0;1.971235811;0;1.777378909;1.560488029;5.663345804;2.147121164;0;3.208027811;0;0.085884175;1.886987782;0;4.586224887;0;1.322879651;3.828320553;6.708554926;2.213272667;4.495282259;;;;;;;
NA;Caltha_palustris;0.169358491;12.56658113;0;5.587924528;9.144860377;9.873101887;0;8.461720755;12.60421132;11.39769057;0.226460377;3.648362264;0;2.130566038;2.664498113;8.438083019;2.682928302;0;3.542581132;0;0.31530566;7.510324528;0;9.283833962;0;2.328407547;4.526581132;11.71033811;3.286700377;8.423637736;;;;;;;
J70_1;Calystegia_sepium;0.296762651;21.34041207;9.215329981;8.428358009;11.38147942;15.59238106;0;16.05333427;10.03025121;14.6817571;0;5.289862884;1.231028958;3.860768595;4.0950144;12.35032588;4.732606884;0;7.025441191;0;0.203073433;3.472451163;0;14.5832664;0;5.428549507;6.497935479;17.57903905;5.297625594;12.28141346;;;;;;;
NB154;Campanula_patula;0.36409361;11.8877126;0;3.93834478;5.94828727;9.72465058;0;8.62441215;6.66646441;7.34886512;0;2.96709803;0.34989662;2.3831516;2.20604279;7.41600831;3.40466207;0;4.38502793;0;0;2.06751192;0;7.1414932;0;2.1497472;4.55211538;9.352558557;2.999753602;6.352804955;;;;;;;
NB270;Campanula_rotundifolia;0.0577512;3.44152142;0;1.18930068;1.83092435;2.66941915;0;1.74720376;2.34248823;2.40027684;0;0.85135047;0;0.58370732;0.58587157;2.32988477;0.88971068;0;1.20946837;0;0;1.1362847;0;2.02540958;0;0.605376;1.21566458;2.711161367;0.857062376;1.854098991;;;;;;;
NB26;Capsella_bursa_pastoris;0.15131639;6.25575489;0;2.20220566;3.43392255;5.45690652;0.74472406;3.55518032;4.28432338;3.9037484;0;1.62394253;0;0.7861148;1.05884081;3.59677361;1.26940127;0;2.05425689;0;0.06772713;1.8380932;0;3.74450454;0;0.8678784;2.38141816;4.927703351;1.457143086;3.470560265;;;;;;;
J137_1;Carduus_acanthoides;0.195943277;15.3777729;7.978898245;6.099671923;8.784624155;12.33692586;0.402896;41.7011607;8.830015742;11.61394932;0;3.692420026;1.97281649;2.817358039;2.928350142;10.24582276;4.605566245;0;5.288830039;0;1.077002555;2.564161548;0.064104206;11.48762255;0;6.426962168;5.159062245;17.16519371;4.265847734;12.89934598;;;;;;;
NB465;Carduus_nutans;0.21831928;14.47570755;8.73888128;5.86435696;8.851914373;13.11869181;0;35.9489528;8.494190507;12.15290736;0;3.587226347;1.68479136;2.58044384;2.88786944;10.02885803;4.34918656;0;5.186531093;0;0.83972888;2.3068368;0.05319728;12.89179904;0;6.701080747;4.917503413;16.58789747;4.175386987;12.41251049;;;;;;;
NB76;Caroinus_betulus;0;10.60544696;0;3.168257532;4.996782117;10.24242231;0;5.432158537;5.930709278;6.470224683;0;2.72447122;0.32915239;1.46044238;2.104128;7.9580928;3.308376117;0;4.028091746;0;0.197076907;2.433366439;0.159104312;6.14206882;0;1.794263415;4.911624234;8.43962602;2.814937133;5.624688887;;;;;;;
LN384;Carum_carvi;0.01748483;1.59189238;0;0.57863544;0.95511646;1.07093326;0;1.41978152;1.02052812;1.01299846;0;0.42425679;0.04357933;0.26262873;0.34749834;1.06174306;0.34648785;0;0.5378912;0;0.01883082;0.67607668;0;0.73171975;0;0.26705861;0.50588752;1.289102915;0.398559969;0.890542946;;;;;;;
FR62;Centaurea_cyanus;0;9.570276923;0.727707692;4.173323077;6.831507692;6.9684;0;8.568507692;8.905384615;8.496184615;0;2.258907692;0;1.323461538;2.001092308;6.710492308;1.968138462;0;2.801538462;0;0;5.153353846;0;7.269461538;0;2.233338462;2.935061538;8.889613846;2.443721538;6.445892308;;;;;;;
NB330;Centaurea_jacea;0;2.1211784;0;0.73940167;1.20657348;1.56874572;0;1.4419449;1.45967091;1.527012;0;0.46206633;0;0.39009018;0.37540693;1.53833193;0.57013207;0;0.75431321;0;0;0.85911709;0;1.31962778;0;0.42925498;0.76491748;1.752778506;0.545378271;1.207400235;;;;;;;
LN279;Chaerophyllum_aureum;0.448921239;27.3345495;2.769237987;9.09794911;14.4012224;21.9278079;0;55.45773448;12.21079486;14.0175569;0;6.809698065;1.773258968;4.502490219;5.466181368;14.09027055;5.972024671;0;8.349613006;0;0.288972671;4.515630968;0.141786632;14.74390214;0;10.57342555;8.06067231;24.29537015;6.695030018;17.60034013;;;;;;;
J567_1;Chelidonium_majus;0.158009154;13.54267561;0;5.101882939;7.503688623;11.05000335;0;7.326408202;7.031465962;8.420546501;0;3.819071798;0.292670223;2.570185162;2.945221794;9.652165794;4.221998147;0;5.304443318;0;0.058656303;2.368983411;0;8.778980665;0;2.867899958;5.947518063;10.8962475;3.820838883;7.075408616;;;;;;;
NA;Cichorium_intybus;0;6.681305263;1.832378947;3.299494737;4.634315789;4.892547368;0;5.166189474;7.729852632;7.288168421;0;1.503242105;0.211284211;0.658484211;1.323873684;4.527115789;1.443621053;0;1.824926316;0;0;4.099831579;0;5.209136842;0;1.652505263;1.9952;6.597347368;1.678484211;4.918863158;;;;;;;
J151_1;Cirsium_acaule;0.368283671;14.65415341;6.648034729;6.446140376;8.340093035;13.30683906;0;35.60739016;8.387945506;10.74667595;0;3.779355294;0;3.181997176;2.755014776;10.55230795;3.743123012;0;4.964940235;0;0.129251012;2.790321882;0;11.3784192;0;5.499411576;5.064834259;15.83445323;4.224400165;11.61005306;;;;;;;
NB347;Cirsium_arvense;0;3.79905953;0;1.40574141;2.00475713;3.36962477;0;1.81337272;2.68638397;2.25539752;0;0.92282472;0.26701473;0.61593876;0.70315961;2.49428392;1.13833589;0;1.37724392;0;0;1.16741793;0;2.15646008;0;1.44813374;1.62383233;3.124898268;1.059115841;2.065782427;;;;;;;
LN26;Cirsium_vulgare;0;8.408486957;0;3.916243478;5.577113043;6.599930435;0;5.531895652;7.731686957;7.637913043;0;1.652452174;0;0.655513043;1.736208696;6.588521739;1.857113043;0;2.328765217;0;0;9.000973913;0;4.464;0;1.335791304;2.682504348;7.770511304;2.0896;5.680911304;;;;;;;
LN16;Conium_maculatum;0;6.9056;0;2.737813333;4.813706667;5.17632;0;5.009386667;6.81536;5.791946667;0.228426667;1.59552;0;1.09216;1.583626667;5.36368;1.241706667;0;1.99296;0;0;9.3736;0;3.67712;0;1.525333333;2.229173333;6.715344;1.812026667;4.903317333;;;;;;;
LN280;Cornus_sanguinea;0.42674238;9.85843993;0.3822876;3.18128253;4.65650483;7.72840584;0;5.43327436;4.7308586;6.04041267;0;2.52377045;0.12452444;1.68586256;2.04145058;6.67269277;2.57790651;0;3.79026789;0;0.17174356;1.61891118;0;6.21766521;0;1.72933342;3.58640116;7.517873847;2.521106136;4.996767711;;;;;;;
NB189;Crataegus_laevigata;0.590349;22.814515;2.4006815;8.32693318;12.8699632;18.3710086;0;21.3840051;11.3412104;14.6054637;0;6.15066247;1.05050542;4.37250253;4.38934034;13.9031464;6.2423575;0;8.20585086;0;1.94231868;2.65990742;0.18540093;14.2400897;0;3.74157444;8.81797036;18.86057567;5.790798058;13.06977762;;;;;;;
LN273;Crataegus_monogyna;0.1088388;8.45270184;0;3.07369469;5.09756861;6.43690771;0;5.68722912;4.63025746;5.65046539;0;2.23280064;0;1.51775789;1.57490381;5.86161715;2.13108595;0;3.05408544;0;0;2.28658464;0;5.44165757;0;1.44671232;3.38711693;6.807198596;2.214868887;4.592329709;;;;;;;
NB368;Crepis_biennis;0.09049673;7.70186306;1.54371466;2.74462389;4.18120305;5.87979021;0;4.1616268;4.87183146;5.71038777;0;1.80952934;0.64027811;1.35250877;1.49762771;5.41567631;2.7575427;0;2.93342064;0;0.1949164;1.22701361;0;5.70400656;0;1.948608;3.13603101;6.550269679;2.083802567;4.466467112;;;;;;;
NB335;Echium_plantagineum;0;3.17387598;0;1.02127059;1.73591568;2.61951267;0;1.30671879;1.79685762;1.82595303;0;0.68396748;0;0.70738704;0.50365056;1.88833536;0.6148116;0;0.99263724;0;0;1.0578492;0;1.70062764;0;0.48706416;1.03328472;2.314971936;0.731759715;1.583212221;;;;;;;
MS048;Euphrasia_officinalis;0.065513709;10.02510321;0;3.412388008;5.303518585;8.918273507;0;5.365656682;5.388398122;0;0;0;0.845410813;2.543498779;2.082384303;5.575629878;2.871901743;0;4.062375815;0;0;2.018103916;0;5.867563099;0;1.837149777;3.789741171;6.997261112;2.330316773;4.666944339;;;;;;;
NB79;Fagus_sylvatica;0.12501542;5.46032667;0;1.8147664;2.9486856;4.57379367;0;2.75818664;3.29684448;3.7580976;0;1.36440688;0;1.01748975;0.98640136;3.73151884;1.45526662;0;2.08880882;0;0.1286688;1.20275782;0;3.49664325;0;1.24483568;2.32021731;4.377273161;1.456844504;2.920428657;;;;;;;
NB220;Galium_mollugo;0.12837162;5.43416838;0;1.91654247;3.2583167;4.35061747;0;3.5545538;3.72084111;3.99920482;0;1.42791647;0;0.8844576;0.95333978;3.72288792;1.22550977;0;1.88372962;0;0.07851756;1.4492353;0;2.99517679;0;0.9101184;2.13419065;4.402769623;1.383318291;3.019451332;;;;;;;
NB47;Geranium_molle;0.05988529;4.40247824;0.85073104;1.47627953;2.36269746;3.38001188;0;3.80049367;2.54597835;2.93313007;0;1.03428311;0.14208798;0.84861449;0.91383115;3.18176979;1.13056009;0;1.82940536;0;0.05671713;1.00366729;0;2.0712584;0;0.76705318;1.65539186;3.644632536;1.170662847;2.473969689;;;;;;;
LN15;Geranium_pratense;0;3.04704;0;1.13388;1.79856;1.41864;0;3.72936;2.45988;2.91996;0;0;0;0;0.79308;2.98032;0.82512;0;0.63744;0;0;4.15344;0;1.80636;0;0;0.98436;2.868744;0.652908;2.215836;;;;;;;
NB129;Geranium_pyrenaicum;0;4.53477024;0;1.46727389;2.50948531;3.29753482;0;4.33608403;3.00726835;3.21833477;0;1.10953709;0;0.70505952;0.86377882;3.56450458;1.12320806;0;1.84275974;0;0;1.41429888;0;2.74002192;0;0.83606861;1.56871978;3.813870841;1.195770203;2.618100638;;;;;;;
MS021;Geranium_sylvaticum;0.117460068;4.854621722;0.884191729;1.676185139;2.697770929;3.513825071;0;2.849626292;2.533685614;3.282335268;0;1.399153464;0.789031159;1.578222427;1.293409627;2.808089166;1.329627173;0;2.2956864;0;0;1.113410441;0;3.726999783;0;0.9833472;1.72525318;4.145193185;1.37593466;2.769258525;;;;;;;
NA;Geum_urbanum;0;5.510622222;0;1.956666667;3.798888889;4.033022222;0;3.6732;5.317422222;4.820222222;0;1.096044444;0;0.566444444;1.048977778;4.002311111;0.948311111;0;1.441555556;0;0.232711111;6.4964;0;2.884133333;0;0.745555556;1.445688889;5.001817778;1.230324444;3.771493333;;;;;;;
NA;Glechoma_hederacea;0;1.421026772;0;0.567722835;1.025990551;1.157480315;0;0.543685039;1.389127559;1.351407874;0.148308661;0.212371654;0;0;0.259691339;1.263911811;0.304970079;0;0.28871811;0;0;3.119735433;0;0.714784252;0;0;0.486992126;1.425592441;0.307940787;1.117651654;;;;;;;
MS022;Helianthemum_nummularium;0.024809675;5.774717207;0.448468658;1.962654956;3.061744698;4.798501729;0;3.03728221;2.967437756;3.583287885;0;1.466708339;0.490945119;1.084436176;1.134902237;4.089197125;1.690503864;0;2.2268064;0;0;1.063027525;0;3.617929627;0;1.195345139;2.152970278;4.58716766;1.531302065;3.055865595;;;;;;;
LN175;Helianthemum_nummularium_grandiflorum;0;3.47955344;0.18326032;1.12068336;1.78874595;2.67718077;0;2.61427397;2.04706579;2.28720888;0;0.90200245;0;0.49908395;0.64361472;2.46788949;0.61786784;0;1.20221547;0;0.06471931;1.084584;0;2.17268795;0;0.66686336;1.04891627;2.756841729;0.855126907;1.901714822;;;;;;;
LN209;Heracleum_sphondylium;0;3.36057901;0.51511063;1.32265393;2.27731142;2.21584974;0;2.9836652;2.19843284;2.24355758;0;0.84062537;0;0.5659238;0.73159427;2.41416074;0.71439793;0;1.21022252;0;0;1.20225125;0;1.8121988;0;0.69183044;1.01152389;2.831188936;0.878853496;1.95233544;;;;;;;
NB294;Hieracium_piloselloides;0;10.3808772;2.71265128;4.01363824;6.24848928;8.69364923;0;6.39563125;6.16951507;6.71918544;0;2.7016944;0.79247736;1.89814229;2.12232619;7.35951531;2.63928672;0;3.81774997;0;0.11808387;1.7533536;0;7.23019429;0;2.25362816;4.31193776;8.833202691;2.847863232;5.985339459;;;;;;;
FR21;Hypericum_perforatum;0;8.434312871;0;3.990891089;6.077037624;6.913568317;0;4.452974257;7.428213861;7.738407921;0;2.360934653;0;0.971786139;1.822954455;6.407144554;1.828229703;0;2.449330693;0;0;5.220356436;0;5.837560396;0;1.323992079;3.085972277;7.634366733;2.241300594;5.393066139;;;;;;;
NB341;Hypochaeris_radicata;0;5.13364925;1.68479232;1.99046272;3.27149675;4.57755587;0;2.70874805;3.90381816;3.3264;0;1.16024875;0.38140416;0.89794528;1.05047467;3.60198229;1.45679968;0;2.06292949;0;0.14029848;1.333152;0;3.967868;0;2.07769344;2.46709008;4.719480944;1.530882672;3.188598272;;;;;;;
NB133;Knautia_arvensis;0.10111958;9.78172722;2.48363109;3.85637781;6.02741216;7.48486745;0;5.46216737;5.21714495;6.5150908;0;2.52486397;0.37538191;1.85198267;1.82742634;6.27636898;2.16333424;0;3.42083729;0;0.19513461;1.60525212;0;4.92771008;0;2.14825074;2.82038424;7.706646562;2.472649204;5.233997358;;;;;;;
J564_1;Laburnum_anagyroides;0.261515789;12.6434001;0;4.312100571;6.692121231;10.33906737;0;8.214527631;6.455008404;7.91015309;0;3.306152756;0.359784554;2.301234567;2.467655736;8.429752826;3.546470295;0;4.643477908;0;0;2.218932396;0;7.836499938;0;2.144420571;5.289309257;9.937158498;3.289410419;6.647748079;;;;;;;
NB56;Lamium_album;0;4.72382548;0.68570544;1.60441992;2.47672354;3.95407742;0;2.99965563;2.85760006;2.93357295;0;1.19260376;0.13718727;0.751968;0.85972736;2.87549728;1.16241612;0;1.58717552;0;0.06843778;1.1349072;0.04855706;2.6713664;0;0.81354288;2.70151102;3.824047809;1.238644574;2.585403235;;;;;;;
NB82;Lamium_maculatum;0.192504;9.99698128;1.53761072;3.29853008;5.09600472;7.54732835;0;4.30563011;5.88095083;5.98279176;0;2.41275733;0;1.94361845;1.82535936;6.32873813;2.40251872;0;3.29113643;0;0;2.3230512;0;5.56140901;0;1.53237444;4.84982091;7.630911583;2.548233513;5.08267807;;;;;;;
NA;Lamium_purpureum;0;0.905764103;0;0.40225641;0.553764103;0.712041026;0;0.291446154;1.081558974;0.867774359;0.216123077;0;0;0;0.181087179;0.897066667;0;0;0.183507692;0;0;2.405948718;0;0.388389744;0;0;0.329230769;0.941595897;0.199314872;0.742281026;;;;;;;
NB265;Lathyrus_latifolius;0.24780422;25.4646186;1.83926971;9.30100361;13.915066;19.7157826;0;11.9320439;12.7713506;15.1810178;0;6.87128243;1.02941206;4.4241813;5.51420028;17.0104329;7.8321888;0;10.2635;0;0.40096657;3.58765076;0;16.0683681;0;4.72651432;10.2923127;19.83889673;6.840342754;12.99855397;;;;;;;
NB242;Lathyrus_pratensis;0.35050037;16.4424382;0;5.7160292;8.77812205;12.8520444;0;7.71252769;8.98862956;10.1838537;0;4.20074298;0.5149008;2.66129884;3.44001093;11.0896844;5.24299146;0;6.58085523;0;0.29047788;2.58968467;0;10.3947609;0;3.0332846;6.78867969;12.78515176;4.351058587;8.434093168;;;;;;;
NB159;Leontodon_hispidus;0.10549642;4.60257518;1.17108259;1.77738034;2.66579243;4.21806308;0;4.15964165;3.11359021;3.24965011;0;1.32466137;0.31688018;0.74622167;0.91579099;2.82728503;1.23803088;0;1.690704;0;0.15951632;0.92005303;0.02495181;2.97825273;0;0.96595593;2.04097697;4.121255292;1.22889763;2.892357662;;;;;;;
NB48;Linaria_vulgaris;0.19276414;8.51471637;0;2.65379264;4.52324267;7.54484646;0;4.62843853;5.69063958;5.65655925;0;2.16809864;0;1.22371421;1.48870158;5.83396048;2.11633764;0;3.21770309;0;0.07185791;2.20854162;0;3.81453976;0;11.2155741;2.94559959;7.570962826;3.074714433;4.496248393;;;;;;;
MS028;Lotus_corniculatus;0.076250149;4.861352346;0;1.779332669;2.726074388;4.090310901;0;2.739970961;3.146775188;3.461144024;0;1.536292585;0.543494042;1.47416726;1.060816621;2.465698388;1.270239045;0;1.982636704;0;0;1.847038567;0;2.988397827;0;1.121109206;2.1386976;4.130979847;1.355875103;2.775104744;;;;;;;
LN32_2;Malus_domestica;0;1.034718367;0;0.390646531;0.711100408;0.747232653;0;0.579448163;0.896953469;0.870798367;0.028667755;0.23109551;0;0.13267102;0.190662857;0.68688;0.173926531;0;0.282656327;0;0;1.1052;0;0.524380408;0;0.147835102;0.304726531;0.90396;0.236717388;0.667242612;;;;;;;
NB201;Matricaria_chamomilla;0;1.73035787;0;0.60349523;1.18303302;1.66991757;0;0.9213805;1.4633333;1.30147208;0;0.44888619;0;0.11933405;0.27972981;1.3492608;0.29278769;0;0.57343075;0;0;0.90127878;0;1.02231939;0;0.29324703;0.54723037;1.470049443;0.421461423;1.04858802;;;;;;;
NB245;Medicago_lupulina;0;7.42946453;0.2465554;2.4735879;3.95358173;5.7420485;0;3.39299453;4.84144667;45.9472365;0;2.0294352;0;0.6203736;1.41031253;5.01481387;1.7994972;0;2.786924;0;0;1.911312;0;4.09277153;0;1.11599147;2.36958453;9.717793169;1.78210231;7.935690859;;;;;;;
LN333;Medicago_sativa;0.08828488;9.86448717;0;3.60150348;5.40820323;7.60756448;0;4.60087447;5.0869059;6.30162385;0;2.71241077;0;1.8617134;2.01075272;6.76273541;2.56726202;0;3.8588114;0;0;1.94155403;0;6.29335403;0;1.60360509;4.0804608;7.625210713;2.649199307;4.976011406;;;;;;;
NB214;Myosotis_arvensis;0;0.9873963;0;0.35034239;0.58732364;0.97017799;0;0.39747797;0.66446705;0.7150032;0;0.34392873;0;0.05581165;0.18495622;0.69710854;0.30678807;0;0.3854146;0;0.01177027;0.52148585;0.00841513;0.4460881;0;0.107088;0.35253646;0.809358016;0.247718659;0.561639357;;;;;;;
NB464;Origanum_vulgare;0.02865348;2.75274226;0;0.90962863;1.53747847;1.96364378;0;1.36310628;1.7726604;1.90131559;0;0.64548134;0;0.37097088;0.44039117;1.84211098;0.45810259;0;0.88240589;0;0;1.21758336;0;1.39944979;0;0.43464691;0.80267179;2.072304359;0.632830759;1.4394736;;;;;;;
NB364;Papaver_dubium;0.14082408;8.98076979;0;3.47519759;5.04118899;7.77440533;0;4.04195822;4.60525532;5.38238656;0;2.53846317;0.42865473;2.02955975;1.96717137;6.18586732;2.57382584;0;3.54425992;0;0.15054771;1.63040438;0;5.87799716;0;1.7976865;4.16073216;7.232715589;2.569893778;4.662821811;;;;;;;
J104_1;Papaver_somniferum;0.355124386;24.92394038;0.121079537;9.471187865;14.06952173;21.82416717;0;13.21419001;12.67445508;15.64896578;0;7.01149706;0.979798641;5.404678323;5.366883007;17.59181448;7.906485166;0;9.915104964;0;0.137850911;3.459403952;0;16.85437284;0;4.557045976;11.56540245;20.30529697;7.088361412;13.21693556;;;;;;;
LN338;Phacelia_tanacetifolia;0;1.53258284;0;0.48956314;0.83562725;1.13582945;0;0.40000753;1.10173659;1.10850472;0;0.31261826;0;0.23676094;0.24050671;1.13873614;0.28030852;0;0.51400184;0;0;0.9146567;0;0.79767991;0;0.21000584;0.37777163;1.162689801;0.35199645;0.810693351;;;;;;;
J168_2;Philadelphus_coronarius;0.10280293;6.392341617;0;2.141096948;3.49656733;5.145980113;0;2.898508252;3.843030261;4.157072843;0;1.573486435;0;1.047851061;1.113614191;4.307113461;1.257417704;0;1.958438817;0;0;1.813258957;0;3.61886953;0;0.958974052;2.392053809;4.821847831;1.549262877;3.272584954;;;;;;;
FR54;Plantago_lanceolata;0;6.795509677;0;2.621780645;4.369548387;5.471587097;0;4.013522581;6.192980645;6.488103226;0;1.661987097;0;1.032980645;1.608516129;4.938012903;1.3488;0;1.951793548;0;0;4.206296774;0;4.850890323;0;1.013419355;2.273909677;6.083963871;1.71024;4.373723871;;;;;;;
LN290;Plantago_media;0.297394;10.8422195;0.01041808;3.99023112;5.66491803;8.97364917;0;4.90952144;5.51838405;6.86504808;0;2.95378379;0.21524472;2.11119989;2.23351381;7.54148096;2.894368;0;4.16057301;0;0.15366024;2.0648304;0;7.09210352;0;1.76882475;4.62573003;8.488709659;2.938533736;5.550175923;;;;;;;
NB190;Potentilla_reptans;0.09588968;3.34739137;0.15136192;1.25511128;1.96095133;2.90476805;0;2.13145609;2.13026423;2.20969517;0;0.92980994;0;0.18795391;0.54186158;2.18463074;0.56987786;0;1.06319908;0;0;0.92533021;0;1.94017976;0;0.51378465;1.08046994;2.612398679;0.775682112;1.836716567;;;;;;;
LN322;Potentilla_verna;0.0204844;3.27065743;0;1.14364584;1.78853575;2.46669048;0;1.80927992;1.97440904;2.2617144;0;0.87589029;0.08798184;0.51382491;0.6373696;2.28114816;0.78768848;0;1.15307397;0;0;1.0131144;0;1.94578555;0;0.57034965;1.18593037;2.578757448;0.836123279;1.742634169;;;;;;;
NB51;Prunus_avium;0.0819159;6.47062578;0;2.31652903;3.61606829;4.93662427;0;3.35367502;4.05205269;4.48511776;0;1.70764779;0;1.04803327;1.25221894;4.37302576;1.30387538;0;2.26607926;0;0.12013076;1.9522887;0;4.10136306;0;1.01011664;2.4740688;5.09214571;1.644771949;3.447373761;;;;;;;
NB74;Prunus_padus;0.0587384;5.314061867;0;1.81378184;3.006840933;4.177953813;0;2.806107307;3.24209704;3.5436852;0;1.289700053;0;0.7985184;0.9037056;3.695396693;1.197128;0;1.760723627;0;0;1.5932064;0;3.090668;0;0.82802304;1.85543904;4.097577525;1.294528829;2.803048696;;;;;;;
NB53;Prunus_spinosa;0.08596983;3.09312402;0;1.03735765;1.74841399;2.42175495;0;1.74743199;2.28133068;2.28986498;0;0.80283651;0;0.44533048;0.56159513;2.52702287;0.63688482;0;1.12008392;0;0;1.4524631;0;1.76112108;0;0.45809794;0.97777724;2.544846118;0.793010174;1.751835944;;;;;;;
J620_1;Quercus_petraea;0.38407016;15.47800379;0;5.4630376;7.905902267;12.983046;0;7.401635947;7.543003947;9.27633168;0;4.29392672;0.38627424;2.63117184;3.085579093;10.63227307;4.08323328;0;5.651734293;0;0.227177413;2.4971184;0;10.26468251;0;3.36125952;9.442011627;12.29914734;4.456099376;7.843047963;;;;;;;
NB122;Quercus_robur;0.13920986;7.22617559;0;2.40326348;3.91998442;5.66258683;0;3.14008299;4.11855538;4.64394846;0;1.7807252;0.12602189;1.26278153;1.27884927;4.93806663;1.88656111;0;2.68220683;0;0.14150628;1.86066677;0;4.65520486;0;1.44105505;3.63708903;5.694454146;1.942403702;3.752050444;;;;;;;
A27;Ranunculus_acris;0;4.149407289;0;1.505918044;2.496802311;3.527479793;0;5.890664533;2.4891144;2.9542392;0;1.203808948;0;0.754929896;0.889283319;2.744976119;0.831157689;0;1.531342815;0;0;1.287002667;0;2.640003793;0;0.790117452;1.35029517;3.703654344;1.077067176;2.626587167;;;;;;;
NB97;Ranunculus_arvensis;0.42676012;13.7499129;0;5.37922917;7.50405775;11.7100682;0;5.53230652;7.35861146;8.90727277;0;3.65859673;0;2.74717419;2.8756416;9.55195325;3.83507437;0;5.61139868;0;0.08361858;2.37780313;0;9.5318459;0;2.47897586;5.56782584;10.8888127;3.787079532;7.10173317;;;;;;;
NB108;Ranunculus_auricomus;0.13824091;6.82889367;0.56289096;2.7904336;4.00789741;5.81826918;0;4.03037229;4.01981929;4.38478128;0;1.84088384;0.26247168;1.24345269;1.4269312;4.66345444;2.01526613;0;2.68198162;0;0.07337054;1.3306976;0.04104663;4.73182473;0;1.31706169;3.16492754;5.737496892;1.912912662;3.82458423;;;;;;;
A34;Ranunculus_bulbosus;0;3.24982284;0;1.105571952;1.825990584;2.777612808;0;5.782034688;1.920240912;2.251692432;0;0.879337536;0;0.595952544;0.666191616;2.0632512;0.517202784;0;1.212475488;0;0;1.04655888;0;1.988893104;0;0.62315904;0.893562384;2.939955079;0.803950176;2.136004903;;;;;;;
NB11;Ranunculus_ficaria;0.12624576;10.2231883;0.64738785;3.4759019;5.9273054;8.41384381;0;4.89674863;6.55461152;6.84436379;0;2.6328382;0.12817308;1.78254416;2.06031125;7.069795;2.71156555;0;3.99951223;0;0.12579042;2.08551527;0;6.88727314;0;1.75977796;3.62065812;8.197335134;2.640133882;5.557201252;;;;;;;
MH25;Ranunculus_repens;0;11.44983529;1.454164706;5.467341176;8.327058824;9.248658824;0;8.269035294;11.26762353;10.00578824;0;3.232705882;0;1.958117647;2.570541176;7.246258824;2.577458824;0;3.428941176;0;0.203247059;6.351247059;0;8.570023529;0;2.101929412;3.923858824;10.76538353;2.992969412;7.772414118;;;;;;;
NB147;Rhinanthus_alectorolophus;0.42754439;21.6056228;0.49709662;6.93805925;10.4328959;15.8278695;0;30.8957441;10.4768362;12.4431616;0;5.11379404;0.2521724;4.20492164;38.4696162;12.6221897;5.1620256;0;7.25127065;0;0.37118719;2.92656264;0.14166029;11.5410987;0;3.30815451;7.67310034;20.85825843;8.558110633;12.30014779;;;;;;;
NB240;Rhinanthus_minor;0.27145677;14.0352541;0.30657041;4.85601806;7.26641122;11.1023604;0;9.56983107;7.77220326;8.7631632;0;3.86905604;0.41333862;2.51165737;2.83714289;9.13526152;3.27526035;0;4.92829304;0;0.10896093;2.71977544;0;7.93054848;0;2.51726366;5.75460068;10.99444275;3.640929326;7.353513425;;;;;;;
LN283;Rosa_canina;0.22578606;15.1012314;0.57182002;4.9965387;7.69569546;11.4329433;0;6.79005966;7.461901;9.06590251;0;3.75000857;0.62828885;2.61593084;2.86161721;9.75479897;4.13971983;0;5.4329308;0;0.26632231;2.78382478;0;8.99080604;0;2.50997275;5.79519765;11.28712967;3.771699549;7.515430122;;;;;;;
NB123;Rosa_dumalis;0.14805572;12.4981162;0;4.05695992;6.49178923;9.88737714;0;6.78006173;7.05435722;7.86405364;0;2.79334096;0;2.40019263;2.18098277;59.645189;3.22559764;0;4.44779064;0;0;2.31337416;0;7.04664826;0;1.99789723;4.90791651;14.57397006;8.243026966;6.330943094;;;;;;;
NB423;Rosa_rubiginosa;0;7.48945652;0;2.50336013;3.97911533;6.08053928;0;3.54595797;4.37268527;4.70726489;0;1.88797753;0.10360842;1.11292097;1.37701418;5.01116874;2.07296171;0;2.73230043;0;0.02569348;1.55755591;0;4.355196;0;1.27357842;2.65364127;5.684199645;1.855196167;3.829003478;;;;;;;
NB459;Rubus_caesius;0.10642653;9.82673006;0;3.26300191;5.42994065;8.21459546;0;4.58599985;4.98574849;5.7704609;0;2.50070018;0.2984681;1.3702913;1.6986591;6.09732955;2.19301099;0;3.17955644;0;0;1.9747231;0;5.71545791;0;1.35718895;3.40416021;7.197244968;2.287088764;4.910156204;;;;;;;
NB433;Rubus_orthostachys;0.06633651;6.95036834;0;2.31495071;3.67768754;5.98184629;0;3.40861537;3.7322236;3.94698183;0;1.7129952;0.206712;1.17611175;1.2974825;4.63726253;1.46789102;0;2.39251178;0;0;1.69539128;0;4.23626492;0;1.4178514;3.19168849;5.351117306;1.814085436;3.53703187;;;;;;;
MH111;Rumex_acetosa;0;5.8476;0;2.137;3.9432;4.7671;0;2.3545;6.737;6.0857;0;0.97;0;0.4343;1.2647;4.8756;1.1468;0;1.4463;0;0;8.0654;0;3.1068;0;0.8571;1.7629;5.5802;1.37479;4.20541;;;;;;;
MH111;Salix_alba;0.195029126;10.42965437;0;4.239658252;7.082935922;8.382198058;0;5.497118447;9.00358835;8.629095146;0;2.873708738;0;1.619231068;2.328466019;7.513118447;2.27687767;0;2.91383301;0;0.53088932;6.317965049;0;7.272512621;0.473848544;1.636893204;4.614198058;9.383081942;2.77391068;6.609171262;;;;;;;
NB19;Salix_cinerea;0.31484925;11.1543068;0.68803488;3.78413045;6.15401876;9.2327764;0;5.91543244;6.30506082;7.12201998;0;2.86162429;0.25387821;2.3582018;2.13777004;7.68641967;3.103853;0;4.16925848;0;0.28476437;2.36253069;0.03209538;7.29095399;0;1.81237005;6.31190779;9.133625754;3.112168257;6.021457497;;;;;;;
NB392;Salvia_pratensis;0.050783646;1.335326451;0;0.710237179;1.063284531;1.277707503;0;0.654368943;1.162301356;1.28004624;0;0.399891335;0;0;0.269404699;1.43963136;0.347308901;0;0.572224977;0;0;0.847784084;0;0.959638333;0;0.238583242;0.652820918;1.32613437;0.428279371;0.897854999;;;;;;;
NB191;Sambucus_nigra;0.11789446;9.80487732;0;3.59373125;5.64995425;7.87089102;0;8.0519103;6.2266978;7.22330371;0;2.66501982;0;1.7904;2.45616781;6.69642493;2.87245408;0;3.41922609;0;0;2.28075112;0;6.38805959;0;1.63432763;3.70919657;8.245128775;2.59644941;5.648679365;;;;;;;
NB152;Sanguisorba_minor;0.101784659;11.40407821;0.557396862;4.002576686;6.031501899;9.509423367;0;6.805309002;5.897234927;7.52545258;0;3.083323358;0;1.936347112;2.302568651;7.548988484;2.386678787;0;4.020525046;0;0;2.143536527;0;7.696456404;0;1.826993934;4.004701029;8.878487752;2.87260243;6.005885322;;;;;;;
NB339;Scorzoneroides_autumnalis;0;5.1307175;1.60199585;1.97632063;3.15496747;4.50090696;0;2.82175845;3.15121523;3.2930077;0;1.41904635;2.6608246;0.8701344;1.0947244;3.58440499;1.7025378;0;2.04263324;0;0.1847585;1.03040467;0.01943023;3.51576146;0;1.1099904;2.14873052;4.701427135;1.424598493;3.276828642;;;;;;;
NB339;Scorzoneroides_autumnalis;0.17687333;6.71244004;1.6443436;2.48765493;4.25225258;5.83307071;0;3.44537782;4.78443742;4.7422584;0;1.77795004;0;1.0300768;1.29433173;4.89609244;1.93900107;0;2.88916444;0;0.11822133;1.727112;0;4.66533947;0;1.54565404;2.80802658;5.876967877;1.8728951;4.004072777;;;;;;;
NB375;Senecio_jacobaea;0;4.67716202;0;1.75726408;2.88487331;3.71014072;0;2.39815091;3.40135015;3.21994269;0;1.26442762;0;1.17035621;0.85630787;3.44069928;1.08315638;0;1.63141086;0;0;1.49885811;0;2.69149583;0;0.64229928;1.51264278;3.78405381;1.227540798;2.556513012;;;;;;;
LN167;Silene_dioica;0.423671688;23.40083275;1.984056912;8.039878848;12.24294766;18.19815288;0;10.6160137;12.29449483;14.29642289;0;5.109001152;0.562821048;4.582099104;4.368046848;14.34728678;6.931291392;0;8.735723136;0.143317248;0.61328004;2.99632176;0;15.19113907;0;3.804175488;9.38255136;17.82635266;5.836876272;11.98947639;;;;;;;
LN327;Sinapis_alba;0.132100378;12.48016977;0;5.211648475;8.081741881;9.850320343;1.5246048;5.639090505;8.235858831;8.58224516;0;3.392484079;0.612970971;2.999372519;2.413953125;8.096222242;2.732193336;0;4.180511262;0;0;2.685967121;0;9.460881547;0;2.197877591;5.123501486;10.36337154;3.361557078;7.001814464;;;;;;;
NA;Sinapis_arvensis;0;10.99536;0.790506667;4.512266667;8.414933333;8.181066667;0.380853333;6.364586667;9.948;8.82944;0;2.614453333;0;1.865066667;2.2488;7.31312;2.090026667;0.579733333;3.0928;0;0;6.08736;0;9.036693333;0;1.883466667;3.701546667;9.893008;2.723152;7.169856;;;;;;;
NB170;Sorbus_aucuparia;0.22735216;9.56981901;0;3.39892344;5.29995477;7.51802603;0;10.065142;5.41593163;6.8573736;0;2.57243061;0;1.500952;1.96303189;6.43257856;2.79666496;0;3.64633845;0;0.11874371;1.7598048;0;6.17178427;0;1.55721472;3.28104539;8.0153112;2.435251506;5.580059694;;;;;;;
LN260;Stellaria_holostea;0.390082652;15.49075826;0;5.855095173;9.20712844;11.20148319;0;8.817518724;9.849062912;9.603242049;0;3.715108315;0.5440608;3.260579919;2.856456917;9.345355362;4.590085106;0;5.997628692;0;0.235763056;2.353060315;0;10.95155617;0;2.829676153;5.129136971;12.22228392;3.89890375;8.323380167;;;;;;;
NB234;Symphytum_officinale;0.03875285;3.95908499;0;1.40475156;2.13776083;3.1379998;0;2.00062412;2.82123536;2.6848067;0;1.00952589;0;0.66469552;0.76770424;2.73275643;0.78787302;0;1.37549035;0;0;1.35857106;0;2.36474456;0;0.67815135;1.56637675;3.149090538;1.019945209;2.129145329;;;;;;;
NB212;Syringa_vulgaris;0.17175721;4.57081652;0;1.56270232;2.50190218;4.31299677;0;2.45330198;3.08388743;3.27834728;0;1.21314584;0;0.82332015;0.86582056;3.26066526;1.05099052;0;1.53170658;0;0.10663362;1.40942956;0;2.6211844;0;0.70990767;2.32007995;3.78485958;1.228734833;2.556124747;;;;;;;
MS020;Taraxacum_agg;0;9.384047489;3.615884144;3.594320852;4.991788249;6.871026531;0;5.575972328;7.116347961;6.70314783;0;2.276754098;1.877932682;2.005541508;1.830640052;6.65346602;3.369892249;0;3.43410177;0;0;1.617648787;0;8.800415528;0;1.760853403;3.523797561;8.500357904;2.507947527;5.992410378;;;;;;;
NA;Taraxacum_officinale;0;2.956685714;0;1.348114286;1.895771429;1.838171429;0;2.050971429;3.853371429;2.646057143;0.704228571;0;0;0;0.904114286;3.4112;0.627657143;0;0.561371429;0;0;5.242857143;0;1.928228571;0;0.562857143;1.013257143;3.154491429;0.780091429;2.3744;;;;;;;
J48_1;Thalictrum_flavum;0.085868979;7.09923456;0;2.630434193;3.967082344;5.650384433;0;3.33090192;4.188947238;4.236925129;0;1.769118833;0.325745026;1.586799925;1.342240828;4.820405308;1.74995712;0;2.529589045;0;0;1.778559247;0;4.20321216;0;1.281418842;2.946431096;5.552325623;1.890643807;3.661681816;;;;;;;
NB377;Thymus_pulegioides;0;3.368882;0;1.2638892;2.23492284;2.81897091;0;1.70733062;2.43272113;2.3133924;0;0.87465295;0;0.32867404;0.56611607;2.62719651;0.81124887;0;1.206789;0;0;1.10173091;0;1.67444189;0;0.40137542;1.19773585;2.693007061;0.846642904;1.846364157;;;;;;;
LN314;Tilia_cordata;0.15049254;9.65397929;0;3.48185237;5.48361258;7.49706224;0;2.88050036;5.59013347;5.79246909;0;2.6018716;0.3569832;1.65002459;2.0748823;6.78078159;2.50065773;0;3.70481604;0;0;2.04795667;0;5.98159723;0;1.59090812;3.74463452;7.356521553;2.562977113;4.79354444;;;;;;;
FR21;Tilia_platyphyllos;0;4.934723077;0;2.045123077;3.435184615;3.491907692;0;2.771907692;4.338923077;4.051615385;0;0.983676923;0;0.381046154;1.118076923;3.654369231;0.975046154;0;1.355907692;0;0;3.261;0;3.335676923;0;0.690784615;1.415907692;4.224087692;1.164489231;3.059598462;;;;;;;
J523;Tilia_tomentosa;0.378664118;9.5021058;0;3.582094909;5.492182036;7.738757155;0;4.552843282;5.148453191;5.6098737;0;2.368665273;0.493947573;1.324367018;1.912037236;6.377715491;2.284503709;0;3.390579818;0;0;1.815426;0;5.654829927;0;1.628795782;3.790892891;7.304673491;2.437514842;4.867158649;;;;;;;
NB357;Trifolium_dubium;0;8.21667646;0;2.74427686;4.54839705;6.36959275;0;4.43376955;5.07352591;5.48915906;0;2.06896402;0;1.102315;1.51530975;5.19498403;2.38281855;0;2.92943888;0;0.09879174;1.89981651;0;4.67312436;0;1.32472116;2.99189612;6.305757776;1.987190582;4.318567194;;;;;;;
MH107;Trifolium_incarnatum;0;9.29712;0;4.42464;6.058464;7.948032;0;8.79504;10.58256;9.290016;0;3.973056;0;1.80096;2.065824;7.69296;2.468832;0;3.08928;0;0;11.013216;0;5.54928;0;1.552512;2.829984;9.8431776;2.7429216;7.100256;;;;;;;
A45;Trifolium_pratense;0;3.24982284;0;1.105571952;1.825990584;2.777612808;0;5.782034688;1.920240912;2.251692432;0;0.879337536;0;0.595952544;0.666191616;2.0632512;0.517202784;0;1.212475488;0;0;1.04655888;0;1.988893104;0;0.62315904;0.893562384;2.939955079;0.803950176;2.136004903;;;;;;;
NB114;Trifolium_repens;0.10516702;5.88838746;0.76968007;1.93717851;3.15691229;4.499783;0;3.04145878;3.78531588;3.50643049;0;1.50151856;0;0.49422348;1.01513456;3.5498543;1.24020676;0;1.91354194;0;0.04254453;1.85734433;0;2.96643977;0;1.0760111;1.78810256;4.413523539;1.327556501;3.085967038;;;;;;;
J43_2;Urtica_dioica;0.329762769;11.25837612;0;3.093338492;4.916092923;7.693511046;0;3.470070215;4.209597631;5.588434246;0;2.450814277;0.251242892;1.515458831;1.564751754;5.981185969;2.256859938;0;3.051625231;0;0.131079754;1.918617231;0;5.569005415;0;1.440256;4.1629512;7.085303194;2.326038175;4.759265018;;;;;;;
NB238;Veronica_austriaca;0.0765931;6.68855956;0;2.37000786;3.72175771;5.29860287;0;2.79954952;3.97841473;4.49373699;0;1.73886003;0;1.2265269;1.26813396;4.65533793;1.39676458;0;2.35623051;0;0.06604088;1.76244579;0;3.719328;0;1.28942301;2.32981087;5.12361248;1.723433107;3.400179373;;;;;;;
NB138;Veronica_chamaedris;0.15224475;5.07160912;0.1518138;1.7552958;2.72663557;4.31550947;0;4.77336965;3.39050215;25.9354953;0;1.3156579;0;0.9465994;1.0151272;3.7912536;1.0411752;0;1.8302095;0;0.10786837;1.35594;0;2.8977571;0;1.0508592;1.9324006;6.555732368;1.36374032;5.191992048;;;;;;;
NB13;Veronica_hederifolia;0.095984196;1.230149847;0;0.454424783;0.709572587;0.905810502;0;0.264602655;0.935023762;0.788614621;0;0.543678332;0;0;0.128732323;0.925948187;0.175478706;0;0.346498213;0;0;0.644948426;0;0.31642657;0;0.055475745;0.256185191;0.877755465;0.271094277;0.606661187;;;;;;;
NB149;Viburnum_opulus;0.190388571;14.77269587;0;5.402501644;8.296755692;12.25948858;0;8.004979859;7.718827516;9.040191745;0;3.97442458;0.532547051;2.846145758;2.939698919;10.02560619;3.840372712;0;5.248567385;0;0;2.586654593;0;9.187503613;0;2.677721881;6.644210057;11.61892822;3.975887641;7.64304058;;;;;;;
NB116;Viburnum_rhytidophyllum;0.10459433;5.82101912;0.32996702;2.00846467;3.30799024;4.80067987;0;4.52853087;3.56216699;4.1080993;0;1.55436442;0;1.01481999;1.06473087;3.72359629;1.09675875;0;1.96712963;0;0;1.59437513;0;3.55545662;0;1.05090991;2.3098713;4.750352532;1.469388708;3.280963824;;;;;;;
FR18;Vicia_cracca;0;2.457648;0;1.497984;1.808592;1.536576;0;1.189968;2.28;2.082528;0;0.518112;0;0;0.503376;1.998336;0.643152;0;0.727872;0;0;1.949376;0;1.81344;0;0.404736;0.958128;2.2369824;0.6608544;1.576128;;;;;;;
NB408;Vicia_hirsuta;0;2.79086742;0;0.82814994;1.37154239;2.07831118;0;1.44302251;1.59087034;1.62226508;0;0.68221651;0;0.29641862;0.47542157;1.74605683;0.63396806;0;0.98095099;0;0.04502171;0.85289976;0;1.50902962;0;0.41207462;0.99990103;2.035898818;0.642119011;1.393779807;;;;;;;
NB230;Vicia_sativa;0.0574244;2.69643343;0;0.96795938;1.46524766;2.08801653;0;1.50602238;1.48278269;1.66343432;0;0.74109844;0.08156279;0.42871642;0.56827516;1.82956138;0.82873132;0;1.05365244;0;0.05120017;0.49950621;0;1.75360951;0;0.50808841;1.04106726;2.13123903;0.713841889;1.417397141;;;;;;;
MS103;Vicia_sepium;0.14121279;14.02397502;0;4.75405515;7.37849295;10.49614398;0;12.45210501;7.46961873;8.51970636;0;3.16236072;0;2.56891068;2.75909664;9.20508384;3.83776164;0;5.5871466;0;0;2.16054;0;8.58327042;0;2.3522112;5.2220805;11.06737722;3.561094533;7.50628269;;;;;;;
;;;;;;;;;;;;;;;;;;;;;;;;;;;;;;;;;;;;;;
;;;;;;;;;;;;;;;;;;;;;;;;;;;;;;;;;;;;;;
