Pflanzenname,Family,order,SampleID,Caproic,Methylheptanoic1,Methylheptanoic2,Caprylic,Pelargonic,Methylnonanoic1,Capric,Methyldecanoic1,Lauric,Methyldodecanoic1,Methyldodecanoic2,Tetradecenoic,Myristic ,Myristoleic,Methyltetradecanoic1,Methyltetradecanoic2,Methyltetradecanoic3,Pentadecenoic,Pentadecanoic,Methylpentadecenoic,Hexadecadienoic1Hexadecenoic1,Methylpentadecanoic1,Hexadecadienoic2,Hexadecadienoic3Hexadecatrienoic ,Palmitoleic,Hexadecenoic2,Hexadecadienoic4,Methylpentadecanoic2,Hexadecenoic3,Palmitic,Hexadecadienoic5,Unknown,Methylhexadecanoic1,Methylhexadecenoic,Methylhexadecanoic2,Heptadecadienoic,Methylhexadecanoic3,Heptadecenoic1,Heptadecenoic2,Heptadecenoic3,Margaric,Octadecatrienoic1,Octadecenoic1,Octadecadienoic1,Octadecatrienoic2Octadecadienoic2,Octadecadienoic3Octadecenoic3,Linoleic,LinolenicOleic,Octadecenoic4,Elaidic,StearicOctadecatrienoic4,Octadecatrienoic5,Octadecatrienoic6Octadecadienoic2,Octadecadienoic3Octadecatrienoic7,Octadecatrienoic8,Octadecatrienoic9Octadecadienoic4,Methyloctadecanoic1,Methyloctadecanoic2,Octadecatrienoic10,Octadecatrienoic11Eicosenoic1,Octadecatrienoic12,Eicosatrienoic1,Arachidonic,Methylnonadecanoic,Eicosadienoic1,Eicosenoic2,Eicosenoic3,Eicosenoic4,Eicosatrienoic2,Eicosadienoic2,Arachidic,Unknown,Methyleicosenoic,Unknown1,Methyleicosanoic1,Methyleicosanoic2,Erucic,Docosenoic1,Behenic,Docosenoic2,Methyldocosanoic,Tricosenoic2,Tricosanoic,Methyltricosanoic,Tetracosenoic1,Nervonic,Tetracosenoic2,Lignoceric,unknown,Methyldocosenoic,Tetracosenoic3,Methyltetracosanoic,Methylpentacosanoic,Unknown,Ximenic,Cerotic,Methylhexacosenoic,Octacosenoic,Montanic,Methyloctacosenoic,Methyloctacosanoic,Mellisic,Sum,Unsaturated_saturated
Acer_campestre,Sapindaceae,Sapindales,NB98,195.7261076,0,0,151.8938282,261.6409034,0,113.1215259,53.14732108,202.3995717,43.57433846,0,0,676.0499035,18.10907331,67.91637015,0,0,0,159.3886643,0,0,17.92580597,0,0,266.6868341,89.31125662,0,37.39025864,0,7329.833395,0,0,55.89492425,0,48.64281169,106.8086306,0,0,0,0,371.6390547,0,0,0,225.9021406,0,3640.640521,7527.378209,0,126.0690053,2336.021755,206.4693698,2711.709689,434.6253485,0,339.1504201,50.26465286,0,124.9744353,0,0,0,0,0,0,117.4389941,0,0,0,0,497.6005467,0,0,0,0,0,0,0,221.0313472,0,0,0,0,0,0,0,0,133.4894251,0,0,0,0,0,0,0,0,0,0,0,0,0,0,28959.86644,1.223475814
Acer_platanoides,Sapindaceae,Sapindales,NB77,89.08203536,0,0,313.4596884,299.0644094,0,316.751612,88.7624689,319.7898632,207.4919256,0,0,1008.978316,24.11476422,26.35400841,0,0,0,217.1894408,0,0,51.0005241,0,0,123.9647203,41.54412927,0,0,0,3862.358111,0,0,19.87516339,0,66.75257296,83.93958821,0,0,0,0,224.6840192,0,0,0,0,0,2028.853513,4000.956853,0,155.0071701,1307.850807,332.839839,1685.141408,190.0121443,88.24108227,66.92567224,50.23674698,0,81.08336825,0,0,0,0,0,0,84.06006893,0,0,0,0,310.340122,0,52.37833204,0,0,0,0,0,272.3176921,0,0,0,29.27841688,0,0,0,0,296.560191,0,0,0,0,0,0,0,41.37175233,0,0,0,0,0,0,18458.61254,0.959606644
Acer_pseudoplatanus,Sapindaceae,Spindales,NB_75,228.1810065,0,0,58.68050494,0,0,0,52.9990322,17.19441454,0,0,0,110.5828384,0,0,0,12.78144877,0,38.81946447,0,0,0,0,0,24.96739774,19.63114394,0,43.97681819,0,6693.919464,0,0,6.715091469,0,89.2522571,0,22.76623802,0,0,0,74.04704236,44.97860248,0,0,0,0,2757.907626,8148.994809,0,103.9218958,4112.004963,315.4775903,4849.448028,316.1083923,358.0994617,129.6964379,111.7818355,0,488.9123599,53.41903284,0,0,0,0,629.2924357,136.5855389,0,0,151.1025012,0,679.7336592,107.3384238,0,0,0,0,0,0,344.9066692,0,0,0,46.45935557,0,0,0,0,266.8944532,0,0,0,0,0,0,0,28.67907571,0,0,0,0,0,0,31676.25731,1.420859627
Aesculus_hippocastanum,Sapindaceae,Spindales,LN_78,290.4886904,0,0,0,41.79375307,0,37.38648872,54.06676105,75.45705558,0,0,0,384.4201226,0,0,0,52.30679922,0,105.4734946,0,0,0,0,0,64.00976698,54.71334432,0,87.85040064,0,3531.087719,0,0,212.1972955,0,58.55552998,0,0,0,0,0,193.35753,70.99522212,0,37.24516235,0,0,915.7251988,2070.145285,0,108.6253032,1602.588628,97.4247149,2259.161292,722.4836744,45.3836164,254.3271008,0,86.55234676,170.0495333,282.2288342,0,0,0,0,0,498.0431411,0,0,0,0,476.8807428,0,80.55803192,0,194.3223391,0,0,0,436.5690217,0,0,0,106.6989524,0,0,89.8983033,0,303.6984795,0,0,0,0,0,0,0,78.44604478,0,0,44.1124154,0,0,0,16275.32814,0.925092286
Aesculus_rubicunda,Sapindaceae,Sapindales,SL_J603_1_FA_2,6.541686511,0,0,0,133.1428545,0,47.34153262,0,56.72405058,0,0,0,171.7001826,0,0,0,1.932874801,0,47.24127437,0,0,16.72192354,0,0,0,19.50741982,0,0,0,7917.611094,0,0,0,8.600720587,35.49515607,0,0,0,0,0,0,14.64303417,0,11.83042256,0,393.1891178,6992.603987,3207.117178,0,178.8723038,3294.00755,24.42731503,0,301.4338559,36.20025155,53.05653097,165.3203614,132.4426421,213.5463266,0,17.13464109,0,0,0,0,2395.322977,0,0,0,0,0,0,0,0,0,171.2303472,0,0,287.6772244,0,15.31309545,0,41.65379171,0,0,254.3029935,0,211.2978275,0,7.506140966,0,0,0,0,0,48.05917169,0,0,23.05285586,0,0,0,26953.80271,1.100333158
Ajuga_reptans,Laminaceae,Laminales,NB_101,155.7812996,0,0,0,37.77623853,0,66.83826058,44.60050755,81.30976878,0,0,10.73599075,130.1112314,0,0,0,26.11976856,0,60.87520404,0,0,0,0,0,111.1690264,68.46247929,0,99.26117771,0,5479.755844,0,0,48.28658862,0,53.30926195,0,0,0,0,0,65.41591939,331.4944331,0,0,0,0,4265.389498,9269.319415,0,0,870.3823851,121.6443061,2032.291537,266.4800778,219.0809801,121.0719189,0,0,173.2700075,0,0,0,0,0,0,138.0479712,0,0,0,0,275.7520377,0,0,0,0,0,0,0,370.992392,0,0,0,94.55270616,0,0,0,0,210.9711552,0,0,0,0,0,0,0,64.43159485,0,0,47.2184649,0,0,0,25412.19945,2.067719883
Alliaria_petiolata,Boraginaceae,Boraginales,NB_22,367.943411,0,0,0,0,0,0,42.35622287,40.20793301,0,0,0,1270.576177,26.43984854,0,0,17.06760752,0,87.63699407,0,0,44.97422953,17.13530911,55.26081888,111.4052919,48.3729952,0,197.2671098,0,6146.814478,0,0,38.35080482,0,20.48938796,0,0,0,0,0,136.0037468,0,76.28892206,63.38986185,0,81.17912493,1562.604735,3681.586916,0,255.5312738,1902.921007,142.4798016,4986.531436,1424.483135,191.0060558,0,0,160.4205334,175.3165549,0,20.41991963,0,0,0,0,80.82127706,0,0,0,0,418.5501677,0,0,0,35.87140502,0,43.18798184,0,486.3128358,0,0,0,65.01206158,0,0,89.14492087,0,129.6385256,0,0,0,0,0,0,0,38.89771773,0,0,0,0,0,0,24779.89854,1.127520734
Allium_ursinum,Amaryllidaceae,Asparagales,NB_65,127.9441996,0,0,0,0,0,0,51.0030786,34.54646744,0,0,19.45763451,221.7579152,0,0,0,0,0,85.35945993,0,0,0,0,0,90.98672883,24.35311918,0,70.8202816,0,7828.095576,0,0,8.207329657,0,20.83145924,0,0,0,0,0,91.04790013,20.56318309,0,48.5738038,64.07659782,0,3098.218112,9719.66659,0,117.8741206,1729.275889,394.3314727,6034.759196,362.0616263,302.0418211,187.073079,0,125.1707465,629.7099503,90.38975376,35.66216912,0,0,0,0,79.33816529,0,0,94.43906131,0,1610.862665,0,0,0,97.5736902,0,0,0,645.3955871,0,0,0,97.5214494,0,0,536.3208414,0,215.3782253,0,0,0,0,0,0,0,23.34828384,0,0,0,0,0,0,35034.03723,1.677595676
Anthemis_arvensis,Asteraceae,Asterales,SL_J5558_1_FA_2,0,0,0,1063.737375,111.6871573,0,0,0,62.64915297,0,0,0,142.826307,0,0,0,0,0,31.05315472,0,0,0,0,0,0,0,0,0,0,6056.085747,0,0,0,0,0,0,0,0,0,0,0,0,0,0,0,0,5485.480963,10639.48024,0,95.93111804,2749.318786,59.10042843,892.4265858,797.495303,0,33.29471567,128.4490558,17.91821475,100.8583119,62.84540803,0,0,0,0,0,0,0,0,0,0,0,0,0,0,0,0,0,0,111.1047544,0,0,0,9.975056502,0,0,0,0,117.9177937,0,0,0,22.09429454,0,0,0,70.1893339,0,0,0,0,0,0,28861.91926,1.698635116
Anthemis_cotula,Asteraceae,Asterales,LN152,49.96975849,0,0,308.1437451,257.0629085,0,420.3125415,37.02213809,512.2192022,0,0,7.352293258,1416.548681,16.18097809,106.6041692,0,52.21535212,0,129.1189162,0,0,0,0,0,97.3811253,126.702275,0,26.51628601,0,4423.631395,0,0,0,0,0,98.02575318,0,0,0,0,227.3548794,0,13.60202793,0,0,20.74069218,1696.972117,2557.971549,0,170.2576907,2276.062855,0,785.8130459,419.5490806,93.26216816,110.2583323,0,0,56.18697957,0,0,0,0,0,0,70.91522555,0,0,0,0,633.5975297,0,0,0,0,0,0,0,221.7061825,0,0,0,65.96206837,0,0,0,0,247.3663959,0,0,42.71705386,50.19520231,0,0,0,124.7643186,0,0,31.86649828,0,0,0,18002.12941,0.549471161
Anthriscus_sylvestris,Apiaceae,Apiales,NB_176,178.6275656,0,0,0,0,0,0,111.3931962,11.96057018,0,0,0,175.6937167,0,0,58.30148206,0,0,61.86950248,0,0,0,0,0,37.92879669,27.46606746,0,71.59003342,0,6903.748945,0,0,39.15194844,0,432.2780858,0,224.1657457,0,0,0,91.17521563,61.23499351,0,0,0,0,4225.477134,7425.054396,0,134.8770844,1208.726411,252.9503859,3538.44927,345.5538681,266.1980158,193.6274189,0,0,369.0453739,62.41003388,0,0,0,0,0,125.1515285,0,0,114.847647,0,407.0271974,79.98274362,0,0,38.52211696,0,0,0,386.8692786,0,0,0,51.02519653,0,0,214.7166966,0,182.916435,0,0,0,0,0,0,0,27.61149748,0,0,0,0,0,0,28137.62559,1.63139388
Anthyllis_vulneraria,Fabaceae,Fabales,LN_178,700.764993,0,0,0,52.02295525,0,42.48414861,33.28178323,67.92072447,0,0,0,137.2535789,0,0,0,0,0,60.83389508,0,0,0,0,0,30.29794379,13.93708287,0,37.27877031,0,3887.742893,0,0,0,0,0,0,0,0,0,0,78.99561099,0,0,47.15369616,52.93571381,0,438.4452253,665.8264597,0,107.309988,1124.839175,90.16960124,3381.645476,223.8569751,42.72144774,0,0,31.08718998,175.7518132,132.7509118,0,0,0,0,0,31.31160438,0,0,0,0,164.7062248,0,0,0,137.2697714,0,16.05665759,0,200.6837908,0,0,0,112.6967029,0,0,0,0,127.0676621,0,0,0,0,0,0,0,61.94068122,0,0,0,0,0,0,12509.04115,0.772102358
Aquilegia_vulgaris,Ranunculaceae,Ranunculales,LN_288 ,274.102355,0,0,0,135.658506,0,33.33892468,76.77954284,62.13314963,67.60026933,0,0,156.6928668,0,0,0,0,0,56.49365627,0,0,0,0,0,51.59655097,60.71798003,0,103.9031492,0,10325.90496,0,0,9.571709407,0,0,0,0,0,0,0,156.7699321,35.62332756,0,0,0,84.98841582,5207.82875,2925.629602,0,0,2980.244427,297.1325943,10162.93203,475.4115964,104.2548274,351.6633247,0,0,364.4730967,248.7283102,0,0,0,0,39.4930409,83.50631854,0,0,0,0,492.9836372,0,0,0,0,0,0,0,289.1710396,0,0,0,46.00669848,0,0,0,0,222.1398317,0,0,0,0,0,0,0,53.47092421,0,0,0,0,0,0,36036.94535,1.318537293
Arabidopsis_arenosa,Brassicaceae,Brassicales,NB340,293.4419484,0,0,327.1874919,118.0938399,0,601.3739846,0,505.5240133,0,0,0,875.7337123,0,0,0,77.29068121,0,157.0935247,0,0,335.4579868,0,0,258.1805564,242.0473735,0,0,0,6508.590077,0,0,0,0,0,0,0,0,0,0,414.1146659,0,54.99820251,0,0,0,5295.939619,6510.494,209.5432423,0,1762.446007,81.60286299,624.6116874,172.5535814,97.88075553,0,0,0,152.1833735,0,0,0,0,0,0,250.4336156,0,0,0,0,857.3949241,0,0,0,0,0,0,0,235.5389739,0,0,0,78.49328358,0,0,363.9732228,0,434.2540433,0,0,0,0,0,0,0,191.7656813,0,0,0,0,0,0,28088.23693,1.039251874
Arctium_tomentosum,Asteraceae,Asterales,J136_1,0,0,0,370.7541044,246.574499,0,105.9959272,37.86007468,1700.964745,21.96145893,0,0,247.2764667,6.808781448,0,0,0,0,87.66236477,0,0,24.70998262,0,0,127.4088624,25.19252156,0,0,0,10102.21357,0,0,0,0,0,0,0,0,0,0,204.6940569,0,0,0,0,0,5046.686835,7898.047995,0,0,2777.186387,164.304309,2015.149435,222.2002362,203.0812243,8.126921862,0,0,91.33599893,0,0,0,0,0,0,27.73227018,0,0,65.60875591,0,488.8911008,0,0,0,0,0,0,0,566.1717589,0,0,0,42.9810365,0,0,0,0,255.6020497,0,0,0,48.9931108,0,0,0,74.64235312,0,0,0,0,0,0,33306.81919,0.913620268
Atropa_belladonna,Solanaceae,Solanales,J_45_1,89.77819316,0,0,233.8084679,233.2521544,0,135.4305454,74.11642876,175.3089331,76.83024171,0,0,304.323156,0,22.95594797,0,22.60698021,0,122.1739634,0,0,47.14055776,0,0,169.6517678,70.78593739,0,54.63518714,0,4999.500654,0,0,40.99279989,22.09000931,24.19952993,0,0,0,0,0,179.6590943,0,0,0,0,0,4565.206554,3705.969451,0,42.2168095,1331.05595,143.3682021,2433.767597,629.3131952,0,161.8019067,58.74917422,109.0084783,146.7914411,0,0,0,0,0,0,87.72279632,0,0,0,0,344.4630482,0,0,0,0,0,0,0,371.9989782,0,0,0,56.17786392,0,0,0,0,201.6382248,0,0,0,0,0,0,0,18.00435976,0,0,0,0,0,0,21506.49458,1.300184714
Bellis_perennis,Asteraceae,Asterales,NB16_FA,0,0,0,355.8241778,194.9805009,0,302.2718421,0,153.589112,149.7441929,0,0,1076.039944,0,0,0,0,0,184.0429679,0,0,0,0,0,159.9348892,0,0,0,0,5398.955465,0,0,0,0,0,0,0,0,0,0,73.83721337,0,0,0,0,0,0,0,127.2240964,0,34.74801471,0,99.30286638,0,0,0,0,0,0,0,0,619.932445,0,0,0,0,0,122.7821672,0,0,485.2965944,0,0,0,0,0,0,0,247.1581708,0,0,0,0,0,0,0,0,510.8322853,0,0,0,0,0,0,0,94.33483869,0,0,212.9826536,0,0,0,10603.81444,0.119178851
Borago_officinalis,Boraginaceae,Boraginales,NB_164,215.7586842,0,0,9.381213332,0,0,0,147.8516269,34.25188827,0,0,0,186.393463,0,0,0,9.369632357,0,53.04162568,0,0,0,0,0,63.0920194,41.24362853,0,132.7772503,0,9051.273014,0,0,26.90597324,0,0,0,24.24346946,0,0,0,112.659154,378.3207186,0,0,0,0,1467.511423,6315.843959,0,79.90522755,1308.305831,92.48435373,3149.186834,119.8988617,240.0483879,0,0,0,514.1633923,60.22478596,0,0,0,0,0,265.7519464,55.64139477,0,0,0,226.2463834,0,0,0,0,0,920.0171177,0,633.563196,0,0,0,37.89503759,0,0,0,0,489.2349321,0,0,0,0,0,0,0,114.1885566,0,0,49.37184256,0,0,0,26626.04683,1.070017989
Calluna_vulgaris,Ericaceae,Ericales,MS087,66.00109406,0,0,143.2827336,126.2532303,0,84.82754405,110.0871678,73.6566072,0,20.66722569,0,433.2609573,23.21193145,38.65141404,0,0,0,136.1058692,0,0,0,0,17.89910925,94.63431012,52.05043831,0,17.82211553,0,4743.933878,0,0,25.59710729,38.40316626,0,0,0,0,0,0,167.5149517,0,0,0,4855.39453,4107.290552,63.58615081,1311.618028,0,91.40598557,1024.694791,185.6107868,71.67232509,26.36109418,0,0,0,0,118.3565385,0,0,0,0,0,0,130.9142269,0,0,0,0,368.4874593,0,0,0,0,0,0,0,570.4272079,0,0,0,55.61943901,0,0,0,0,133.8613797,0,0,0,0,0,0,0,41.61287293,0,0,10.69340467,0,0,0,19581.46762,1.322428603
Calystegia_sepium,Convolvulaceae,Solanales,J70_1,97.58206215,0,0,115.9073371,322.1981958,0,160.6035246,84.30825343,273.2371541,49.17848274,0,0,277.3899008,0,26.79547402,0,21.83088038,0,166.1788934,0,0,192.596026,0,0,79.96569461,24.56548659,0,14.95522125,0,8380.730421,0,0,112.6945084,46.81101546,108.7396299,71.332376,0,0,0,0,134.7563634,0,0,0,1061.118168,0,1843.567011,1428.142121,0,14.13300719,1954.86088,0,1137.11429,0,0,274.0165362,0,0,166.1463767,0,0,0,0,0,0,0,0,0,0,0,812.8277508,0,0,0,0,0,0,0,274.506537,0,0,0,60.51051379,0,0,0,0,60.99242066,0,0,0,0,0,0,0,115.0638463,0,0,0,0,0,0,19965.35636,0.439955914
Campanula_patula,Campanulaceae,Asterales,NB154_FA,0,0,0,30.63296631,0,0,94.20070827,0,73.38020155,0,0,0,198.0574871,0,0,0,0,0,77.84495096,0,0,0,0,0,0,34.32064585,0,0,0,6305.19625,0,0,0,0,0,0,0,0,0,0,34.08467288,0,0,0,0,0,3749.937651,8391.762033,18.93254827,0,841.6392739,36.9027351,282.208797,38.94925626,45.22344442,0,0,0,34.508416,0,0,0,310.3341712,0,0,0,0,82.6810135,0,0,422.4939909,0,0,0,0,0,0,0,400.675767,0,0,0,53.94441378,0,0,58.2965337,0,313.6452629,0,0,0,0,0,0,0,56.63720962,0,0,0,0,0,0,21986.4904,1.469716988
Campanula_rapunculoides,Campanulaceae,Asterales,NB313,121.7727055,0,0,254.682779,336.2254985,0,217.6170852,136.9292008,271.4980662,83.92952716,0,0,388.0703549,0,33.82409834,0,0,0,205.017765,0,0,68.2348548,0,0,151.0258134,32.07014062,0,24.78915971,0,5906.46744,0,0,66.80333875,0,69.88751013,0,0,0,0,0,286.8134627,0,0,0,291.4253407,196.4310726,1186.809887,5215.093163,0,79.30430578,1900.130098,176.7055013,1608.031745,224.1625024,199.7114354,174.5145879,132.0783141,0,76.00396512,0,0,0,0,0,0,125.0696513,0,0,0,0,781.0001538,0,0,0,0,0,0,0,316.7983461,0,0,0,12.19843404,0,0,0,0,104.5184622,0,0,0,0,0,0,0,0,0,0,0,0,0,0,21455.64577,0.830797931
Campanula_rotundifolia,Campanulaceae,Asterales,NB270_FA,94.71294822,0,0,158.5251452,157.8173066,0,289.6670068,0,23.20406356,0,0,0,316.1733128,0,0,0,0,0,98.61954724,0,0,0,0,0,131.6745602,53.89235377,0,54.78318061,0,8707.306333,0,0,0,0,0,0,0,0,0,0,113.1339973,0,0,0,0,180.5386128,0,6557.79487,54.50862198,0,554.4978569,161.8160216,1639.161533,0,157.9721349,0,0,0,133.1822046,0,0,0,0,0,0,0,0,0,0,0,837.3878386,0,0,0,123.6762795,0,0,0,494.8405188,0,0,0,0,0,0,395.8400393,0,290.0065328,0,0,0,0,0,0,0,0,0,0,0,0,0,0,21780.73282,0.768727502
Capsella bursa-pastoris,Brassicaceae,Brassicales,NB26_FA,0,0,0,0,95.82329765,0,162.1665209,0,14.16413786,0,0,0,356.054933,0,0,0,0,0,57.9300461,0,0,86.07575436,0,54.04986488,58.11224385,0,0,0,0,3146.022077,0,0,0,0,0,0,0,0,0,0,79.43000576,0,0,0,0,0,0,0,182.1585167,0,443.2818697,0,499.4191539,0,0,0,0,0,0,0,0,0,0,0,0,0,0,0,0,0,397.1969585,0,0,0,0,0,0,0,176.0966948,0,0,0,0,0,0,0,0,141.3584776,0,0,0,0,0,0,0,71.55856315,0,0,0,0,0,0,6020.899116,0.151849165
Cardamine_pratensis,Brassicaceae,Brassicales,LN246,0,0,0,54.72349813,0,0,157.0179583,0,2248.488028,0,0,0,2241.913451,0,0,0,0,0,331.6010304,0,0,162.4567852,0,0,597.5928742,81.94292575,0,0,0,9847.69888,0,0,0,0,0,0,0,0,0,0,253.1679972,0,97.2939461,0,155.7526926,0,6921.632038,14344.3145,0,0,1896.839769,180.5035922,3106.199284,288.4946705,319.611427,97.63129069,83.55542576,0,380.7011525,0,0,0,0,156.0170914,0,0,0,0,0,0,0,0,0,0,0,0,0,0,133.6163176,0,0,0,36.96397368,0,0,287.2309203,0,247.8761601,0,0,0,0,0,0,0,0,0,0,0,0,0,0,44710.83768,1.504537142
Carduus_acanthoides,Asteraceae,Asterales,J137_1,25.60710283,0,0,906.1931671,258.5051488,0,129.4916701,53.4897705,219.3072123,54.61020497,0,0,2902.307965,0,0,0,0,0,68.47130032,0,0,0,0,0,83.49697638,17.46770532,0,0,0,13103.77709,0,0,0,0,0,0,0,0,0,0,0,0,0,0,0,0,5834.427338,10488.48049,0,57.91044981,2635.572222,2780.712866,288.1755161,321.4459251,0,71.90342537,0,482.5860094,50.3841847,0,28.83616855,0,0,0,63.50444524,0,0,0,132.1589212,0,1958.356351,0,0,0,50.08579539,57.01577336,36.215138,0,498.3577928,0,0,0,0,0,0,0,0,52.52793635,0,0,0,0,0,0,0,0,0,0,0,0,0,0,43711.38206,0.863527151
Carduus_nutans,Asteraceae,Asterales,NB465,308.7763633,0,0,616.8184451,369.9366038,0,232.3514424,91.93758405,300.7385009,57.24138261,0,0,2205.648564,31.36997648,37.3757571,0,0,0,148.6820387,0,0,0,0,0,246.0882771,78.65352042,0,83.26962141,0,6694.46659,0,0,0,0,0,253.0030115,0,0,0,0,336.0096133,0,23.40158759,0,81.74821249,0,3042.5177,5563.538871,0,19.42453153,2247.890736,219.9027606,1707.677288,275.5869803,287.5299408,206.3892443,0,0,91.52907651,0,0,0,0,0,0,96.84106179,0,0,133.6305544,0,1949.155661,0,70.9433646,0,0,0,0,0,575.9227619,0,0,0,65.25076086,0,0,0,0,49.00010946,0,0,0,0,0,0,0,0,0,0,0,0,0,0,28800.24849,0.759280218
Carpinus_betulus,Betulaceae,Fagales,NB76,103.0480776,0,0,168.8950845,332.1341683,0,168.2865286,91.22241563,210.2657388,33.30738102,0,0,378.7142002,21.41164164,29.00994661,0,0,0,119.3810597,0,0,0,0,0,89.84580129,31.38289759,0,10.90830801,0,5200.465037,0,0,0,0,11.42309432,0,0,0,0,0,171.1574556,0,0,0,0,0,3962.829509,3700.575407,0,92.2831269,1727.366228,75.62256364,1448.91317,493.9584465,0,136.971424,41.89890444,0,70.78531623,0,0,0,0,0,0,28.64987799,0,0,0,0,364.0045761,0,60.28837216,0,0,0,0,0,126.2510912,0,0,0,5.432975949,0,0,0,0,28.48573173,0,0,0,0,0,0,0,0,0,0,0,0,0,0,19535.17556,1.095676064
Carum_carvi,Apiaceae,Apiales,LN_384,531.8957737,0,0,0,39.57934705,0,23.36107514,99.23675837,25.24514207,0,0,0,228.1900298,0,0,163.8581631,0,0,78.46304114,0,0,0,0,0,28.16616516,35.72276702,0,89.08575142,0,6106.487309,0,0,78.61961307,0,539.2326091,0,56.99229539,0,0,0,112.9659162,0,0,20.54272394,50.69117667,0,2078.644799,596.987677,0,414.0026273,1947.444698,103.4745063,5409.286947,1058.41422,282.4720788,244.0116585,125.256298,78.66698216,230.7910098,59.45651831,507.4695589,0,0,0,64.35018265,0,0,0,48.34274485,0,298.3679394,53.51521324,0,0,96.54253591,0,74.98102702,0,301.9695544,0,0,0,47.93515725,0,0,0,0,204.7457061,0,0,0,0,0,0,0,32.75540861,0,0,41.7356594,0,0,0,22709.95637,0.996402705
Centaurea_cyanus,Asteraceae,Asterales,NB_165,1102.098846,0,0,647.6126218,7.106688231,0,29.3200009,60.97565773,1359.869014,0,0,0,317.8322549,0,0,0,0,0,144.2132547,0,0,0,0,0,68.51435855,83.97666901,0,215.4096491,0,16871.36629,0,0,32.9256482,0,36.26926875,0,0,0,0,0,143.3510964,95.41808974,0,0,0,0,1557.6924,23025.12083,0,716.3595281,4754.841487,492.2513967,6447.02971,122.7778463,348.4120059,126.8718954,0,0,984.1921865,97.78183222,72.12700326,0,0,21.15229252,168.1082433,184.1263985,0,0,0,0,4122.815706,0,0,0,133.7401132,0,0,0,387.4401053,0,0,0,101.0412486,0,0,433.7821647,0,227.3167551,0,0,0,0,0,0,0,46.74618422,0,0,0,0,0,0,65787.98674,1.138511746
Cerastium_arvense,Caryophyllaceae,Caryophyllales,NB_160,1957.788675,0,0,222.147584,0,0,94.083431,163.677105,16.91052271,0,0,0,496.3215978,0,0,0,29.96005067,0,80.83349499,0,0,77.67712186,0,0,129.9440449,57.16777309,0,289.764251,0,2073.873505,0,0,136.3108673,0,96.72285105,0,0,0,0,0,138.9785707,64.65739977,46.09912713,0,0,0,709.0916617,685.0691206,0,172.0326471,1068.431398,66.11719615,2148.75774,1046.910895,0,240.9179054,24.95255574,109.8632242,83.24710343,0,0,0,0,59.41095554,191.2887252,128.9124089,0,0,0,0,1063.51879,0,0,0,137.7366961,0,202.0328413,0,347.0945463,0,0,0,75.8493068,0,0,0,0,84.27068868,0,0,0,395.5155989,0,0,0,215.4943255,0,0,146.2695754,0,0,0,15575.70388,0.621885058
Chaerophyllum_aureum,Apiaceae,Apiales,LN279,80.89393914,0,0,33.87240318,345.8223464,0,191.6166232,70.33334201,239.3250129,44.81527295,0,0,337.6949272,10.78060976,15.67304071,16.2360536,0,0,100.768679,0,0,0,0,0,71.22272219,24.22111217,0,21.86445377,0,3562.558977,0,0,22.46801606,117.1509942,35.4306746,0,0,0,0,0,63.74394638,0,0,0,0,0,1433.242611,3067.110529,0,24.38937122,1205.456485,120.3197088,968.2340872,123.6685336,79.72979942,0,0,0,63.16538111,0,0,0,0,0,0,33.35030669,0,0,0,0,140.9516258,0,23.25983376,0,0,0,0,0,93.50410832,0,0,0,13.76653795,0,0,0,0,119.0586424,0,0,0,0,0,0,0,0,0,0,0,0,0,0,12915.70071,0.879192382
Chelidonium_majus,Papaveraceae,Ranunculales,SL_J567_1_FA_2,0,0,0,0,60.1597598,0,16.88207738,0,58.04970484,0,0,0,158.9199578,0,0,0,2.936959563,0,47.4209514,0,0,0,0,0,56.31543087,7.300655144,0,3.022276431,0,12648.82756,0,0,0,0,6.065407322,0,0,0,0,20.94069155,0,0,0,0,0,0,5643.282737,12489.22784,0,111.5283891,3583.794213,103.7833179,0,0,363.8383472,112.2462302,54.43488821,0,578.2710482,159.9333243,0,0,0,0,0,0,0,0,0,0,0,0,0,0,0,0,0,0,256.533056,0,0,0,34.69906004,0,0,0,0,270.7163624,0,0,0,0,0,0,0,23.24867224,0,0,0,0,0,0,36872.37892,1.13794421
Cirsium_acaule,Asteraceae,Asterales,J151_1,56.57462657,0,0,332.5188554,187.6113375,0,97.45976879,24.7315318,1389.389541,20.58524454,0,0,228.8329185,0,12.33051594,0,11.03064157,0,81.29748614,0,0,0,0,0,0,12.77432121,0,0,0,11524.01293,0,0,26.86536679,0,0,0,0,0,0,0,0,0,0,0,0,0,4016.202185,11732.48504,0,0,1863.810815,152.5505023,1163.558993,75.21313572,113.8279314,0,0,0,43.11229879,0,0,0,0,0,0,45.30154288,0,0,0,0,2622.187539,0,0,0,0,0,0,0,639.5675463,0,0,0,31.94044819,0,0,29.92670269,0,69.37697088,0,0,0,0,0,0,0,45.44000381,0,0,0,0,0,0,36650.51674,0.902384824
Cirsium_arvense,Asteraceae,Asterales,NB347_FA,177.0178568,0,0,54.44067445,8.816115166,0,96.71306664,0,1126.900319,0,0,0,73.200391,0,0,0,0,0,63.60166665,0,0,0,0,0,81.35157766,38.10341566,0,73.88153548,0,5453.658795,0,0,0,0,0,0,0,0,0,0,47.69227565,0,0,0,0,0,2022.99083,2911.062269,0,0,1406.271904,0,458.8458608,112.061678,0,323.266913,0,0,0,0,47.64874218,0,0,0,0,0,0,121.1270485,0,0,3155.373958,0,0,0,0,0,0,0,1843.837971,0,0,0,79.00105471,0,0,0,0,302.1981236,0,0,0,0,0,0,0,110.3602305,0,0,140.4072928,0,0,0,20329.83156,0.430331226
Cirsium_vulgare,Asteraceae,Asterales,NB454,336.8022151,0,0,0,57.18248934,0,45.38259816,0,2122.69839,0,0,0,289.3444011,0,9.491833666,0,12.82327792,0,81.08475492,0,0,0,0,0,327.3567805,0,0,350.298783,0,20513.80055,0,0,0,0,0,0,0,0,0,0,91.51431614,0,0,0,138.6689011,387.4460489,11068.93049,17276.69717,0,0,1934.440925,347.4489048,3912.632782,308.3502204,515.8072902,0,0,0,625.6227123,928.1552884,0,0,0,0,0,373.2825653,0,0,0,0,4626.705542,0,0,0,187.3658063,0,0,0,1919.6718,0,0,0,96.07468972,0,0,0,0,290.8347471,168.0578077,0,0,0,157.5090526,0,0,132.6133273,69.68393646,162.343127,35.69253187,0,134.3982941,0,70036.21434,1.09025071
Convolvulus_arvensis,Convolvulaceae,Solanales,J_47_1,120.8039351,0,0,202.1283841,390.4902968,0,216.3649758,140.2932261,242.8703497,46.32780083,0,0,336.127887,0,24.2472682,0,43.64805178,0,123.4364115,0,0,41.01402621,0,0,107.7320204,33.80684198,0,32.47617329,0,7809.280749,0,0,0,34.10807378,99.0552524,0,0,0,0,0,150.8466872,0,0,0,0,0,647.2038988,2404.929498,0,81.78198515,1418.943505,0,287.4227048,0,0,0,0,39.34010761,64.20164419,0,0,0,0,0,0,87.42610294,0,0,0,0,214.4179928,0,65.59121848,0,0,0,0,0,263.0354441,0,0,0,29.09015054,0,0,338.4739852,0,60.69556121,0,0,0,99.18312238,0,0,0,29.00521096,0,0,0,0,0,0,16325.80054,0.337387735
Cornus_sanguinea,Cornaceae,Cornales,LN_280,144.8926835,0,0,0,50.86923874,0,18.97925134,90.35969753,33.90905274,37.17154539,0,0,88.569055,0,0,0,0,0,47.45933674,0,0,0,0,0,50.90230252,53.55829739,0,107.296593,0,13310.01636,0,0,10.54783132,0,0,0,0,0,0,0,284.2988122,59.43262198,0,37.48728693,60.6837372,0,5598.331627,5303.331731,0,49.85963203,3964.423505,226.6303004,12302.2029,557.0586541,97.13565145,383.7127815,0,54.39271463,497.8913486,73.60865128,0,0,0,0,0,106.1904763,86.92658272,0,29.88223487,0,707.6844808,0,0,0,0,0,0,0,327.1847902,0,0,0,48.76064296,0,0,0,0,157.1280551,0,0,0,0,0,0,0,61.46015502,0,0,28.46607874,0,0,0,45148.6967,1.306579995
Crataegus_laevigata,Rosaceae,Rosales,NB_189,123.1931391,0,0,72.78783443,70.55620372,0,13.36513393,25.07336155,1.036853687,0,0,0,92.75007162,0,0,0,0,0,43.20479424,0,0,0,0,0,19.48735772,263.0184865,0,41.62417563,0,2424.991707,0,0,0,0,0,0,0,0,0,0,51.80261463,35.44051727,0,19.16111885,0,0,3638.152164,1682.660468,0,133.0546023,596.8493636,0,826.3684231,354.5961679,69.55602316,88.70535601,0,0,98.63190078,0,0,0,0,0,0,41.95992207,0,0,0,0,187.1415804,0,0,0,44.95846179,0,0,0,239.7574412,0,0,0,51.05534252,0,0,0,0,171.0400247,0,0,0,0,0,0,0,44.53354677,0,0,0,0,0,0,11566.51416,1.692566022
Crataegus_monogyna,Rosaceae,Rosales,LN273,0,0,0,50.72387564,6.416053251,0,5.061904341,0,9.620298794,0,0,0,0,0,0,0,0,0,36.14145383,0,0,0,0,0,0,0,0,0,0,5325.32177,0,0,0,0,0,0,0,0,0,0,156.6255197,0,0,0,0,0,8892.477338,3812.011573,0,0,0,0,1082.758547,320.9722107,92.07647527,0,77.98619926,0,148.0654583,0,0,0,0,0,0,0,0,0,0,0,0,0,0,0,0,0,0,0,406.7462347,0,0,0,57.1750546,0,0,0,0,333.478327,0,0,0,0,0,0,0,54.06383501,0,0,0,0,0,0,20867.72213,2.200884818
Cucurbita_pepo,Cucurbitaceae,Cucurbitales,LN_381,0,0,0,37.54157745,29.35094828,0,19.5747078,9.797638056,13.46802325,0,0,0,139.3710298,0,0,0,27.56715496,9.442420664,73.02485868,0,0,0,0,0,20.81629107,34.43792564,0,0,0,8762.078184,0,0,3.834437052,0,20.34630745,0,0,0,0,0,57.26270526,34.10511356,0,0,0,0,566.7061718,17097.31883,0,263.2600311,1578.58183,37.61158023,277.3809418,43.88228896,40.78589235,20.64191017,0,0,88.60314839,47.71392659,34.70836347,0,0,0,36.24265434,104.0620985,0,0,0,0,240.671522,0,0,0,30.19954536,0,0,0,147.0441999,0,0,32.37423572,0,0,0,74.13413663,0,23.74233157,0,0,0,0,0,0,0,0,0,0,0,0,0,0,30077.68496,1.682284773
Cytisus_scoparius,Fabaceae,Fabales,J123_2,0,0,0,52.43241088,141.4621413,0,75.27559245,0,134.1215128,0,0,0,4.769248789,0,235.6451311,0,2.045958504,0,6.805529543,0,0,0,0,0,59.16853578,83.6292852,0,2.854200825,0,12864.79046,0,0,0,0,48.82391486,0,0,0,0,0,240.3463984,0,0,0,0,0,3936.392914,27452.15991,0,122.5918025,1741.851778,332.5287428,3086.519839,98.07522414,281.2842519,19.09920496,20.53102169,0,182.0293544,0,0,0,0,0,0,77.88784162,0,0,0,0,95.24281406,0,0,0,0,0,0,0,0,0,0,0,10.40653005,0,0,0,0,462.7791953,0,0,0,55.45700019,0,0,0,59.51490275,0,0,0,0,0,0,51986.52265,2.198155925
Digitalis_purpurea,Plantaginaceae,Laminales,J50_1,98.35434168,0,0,121.871353,234.2840219,0,104.8217081,103.9482328,223.2932438,54.9580814,0,0,388.4764961,16.83868885,17.29770103,0,31.07721797,0,124.5035016,0,0,241.9591277,0,0,167.6426271,239.644389,0,30.99041816,0,6709.730228,0,0,0,65.28001101,0,155.5455376,0,0,0,0,273.7203213,0,338.4674201,0,0,0,6253.575971,5597.548488,0,198.5516098,1784.813839,0,309.4475331,2892.961213,390.4672987,273.5841407,0,144.924855,310.9191186,0,0,0,0,0,0,63.90454283,0,0,0,0,244.6142111,0,102.8220004,0,0,0,0,0,727.5453725,0,0,0,102.1203556,0,0,298.3612809,0,323.119574,0,0,0,28.47123037,0,0,0,44.70889099,0,0,0,0,0,0,29835.16619,1.440527483
Echium_plantagineum,Boraginaceae,Boraginales,NB335,0,0,0,0,104.1926043,0,66.15926299,58.10697533,112.2976762,0,0,0,213.7708621,0,9.918218528,0,43.6019368,0,63.56155832,0,0,0,0,0,104.5713591,36.57947191,0,62.38736456,0,7013.462886,0,0,0,0,0,0,0,0,0,0,76.17203314,0,0,0,437.0011103,0,1516.229294,5330.586093,0,0,2164.374217,146.8515729,4338.195015,231.428191,365.4342137,116.6370033,124.240703,0,419.079902,188.7526315,136.9802709,0,0,0,0,0,0,0,0,0,547.3501306,0,0,0,0,0,0,0,171.5363183,0,0,0,51.17478894,0,0,63.42534824,0,164.6315201,0,0,0,77.52043276,0,0,0,72.04458375,0,0,0,0,0,0,24628.25555,1.199637975
Echium_vulgare,Boraginaceae,Asterales,NB300,82.97435073,0,0,113.5641786,167.7501626,0,168.0238475,86.54844613,132.2081256,67.71310006,0,0,382.0440595,20.30854782,23.04742875,0,8.201314782,0,85.76376257,0,0,0,0,0,62.57586225,77.2431213,0,29.96153793,0,2416.663027,0,0,0,0,29.4441537,0,0,0,0,0,233.4993775,0,0,0,156.7249569,0,1087.693999,2291.002202,0,83.81327039,1551.655514,0,701.0860531,138.8392196,46.85017504,112.0018444,33.92833264,0,48.77900702,0,0,0,0,0,0,50.34180305,0,0,0,0,616.3742384,0,83.05531709,0,0,0,0,0,313.6474715,0,0,0,48.20091356,0,0,0,0,228.3678054,0,0,0,53.7798336,0,0,0,59.9993289,0,0,0,0,0,0,11893.67569,0.715427319
Euphrasia_officinalis,Orobanchaceae,Laminales,MS048,46.83311495,0,0,70.64416615,108.8155324,0,97.86222922,31.29679727,111.6768418,0,53.01761241,0,0.00106127,0.001101591,0.001120258,0,30.51456042,0,399.0405153,0,0,11.07256248,115.7860687,128.2147631,139.7151413,0,0,20.46143183,0,5158.189851,0,0,100.5462356,37.01985418,0,0,0,0,0,0,133.10271,0,0,0,0,0,700.387188,8018.750771,0,76.82533726,1103.335967,210.9310329,2296.415558,256.4715281,127.824003,43.64534375,0,0,284.9910977,0,0,0,0,0,0,86.6665016,0,0,413.954921,0,176.3251792,0,0,0,0,0,0,0,492.685679,0,0,0,47.01288248,0,0,0,0,165.622692,0,0,0,12.31334302,0,0,0,12.79286055,0,0,0,0,0,0,21320.76516,1.532101808
Fagus_sylvatica,Fagaceae,Fagales,NB_79_A,696.4714938,0,0,0,208.18404,0,33.49050885,656.9541869,62.01247487,64.49135736,0,0,158.7787342,0,0,0,0,0,51.17000867,0,0,0,0,0,206.4191877,206.6977545,0,1188.631416,0,32275.64288,0,0,70.02112828,0,71.27488869,0,0,0,0,0,278.9251652,0,0,392.2101068,0,0,100422.1568,49572.10068,0,252.5750469,4199.550207,417.9405348,8710.195183,4181.541149,648.7267057,609.7105108,0,0,666.8789942,0,165.7776177,0,0,0,518.9246121,334.9838424,0,0,0,0,490.7271868,0,0,0,0,0,0,0,733.1692275,0,0,0,52.95335034,0,0,0,0,212.8174068,0,0,0,0,0,0,0,49.67646461,0,0,0,0,0,0,208861.7808,4.02615983
Ficaria_verna,Ranunculaceae,Ranunculales,NB11_FA,0,0,0,0,162.5549441,0,298.3296493,0,147.2786864,0,0,0,401.1488618,0,0,0,0,0,146.9451177,0,0,0,0,0,176.516471,76.54933679,0,0,0,12293.7663,0,0,41.8680815,0,0,0,0,47.14677323,0,0,93.85476907,0,0,0,0,0,0,11152.59323,0,0,711.5358161,214.7428338,2522.495536,0,0,261.8261506,0,0,220.9912853,0,0,0,0,0,0,0,0,0,0,0,579.1692164,0,0,0,0,0,0,0,486.3472301,0,0,0,0,0,0,0,0,307.8030434,0,0,0,0,0,0,0,56.94009749,0,0,0,0,0,0,30400.40344,0.92716346
Galium_mollugo,Rubiaceae,Gentianales,NB220_FA,0,0,0,0,131.8547518,0,115.6582097,0,111.1421558,0,0,0,2587.099178,0,0,0,0,0,68.63757096,0,0,0,0,0,121.414371,116.6772484,0,0,0,5729.32199,0,0,0,0,0,0,0,0,0,0,70.15021884,0,0,0,0,0,4188.648098,7216.889803,136.1994894,0,187.6533232,0,1781.915228,269.8716625,0,0,0,0,103.6150438,0,0,0,0,0,0,0,0,0,0,0,630.066195,0,0,0,0,0,0,0,503.5133069,0,0,0,118.1048565,0,0,0,0,429.3100959,0,0,0,0,0,0,0,0,0,0,0,0,0,0,24617.7428,1.304490099
Geranium_molle,Geraniaceae,Geraniales,NB47_FA,0,0,0,0,91.77921292,0,233.8993099,0,94.82854077,0,0,0,131.23214,0,0,0,0,0,72.26743633,0,0,0,149.8533912,579.6967688,116.3607784,36.97087458,0,0,0,5386.41741,0,17.85909666,0,0,0,0,43.2140853,0,0,0,68.13197694,0,0,0,0,0,0,4344.343827,52.14669161,72.91059122,475.022152,184.8929533,2057.494171,0,171.414675,77.72272317,0,0,132.6048002,0,226.935731,85.58276411,0,0,0,0,0,0,0,0,179.6558085,0,0,0,0,0,0,0,133.6553776,0,0,0,0,0,0,0,0,64.31366048,0,0,0,0,0,0,0,0,0,0,0,0,0,0,15281.20695,1.188476486
Geranium_pratense,Geraniaceae,Geraniales,NB326,0,0,0,0,356.9848591,0,139.4669657,0,580.0400167,0,0,0,382.1490499,0,0,0,0,0,50.86800058,0,0,739.8688206,0,1164.146798,0,0,0,0,0,6807.581222,0,1398.224906,0,0,0,0,115.893402,0,0,0,0,0,0,0,0,0,1253.546746,5843.812002,0,0,3515.708,236.0961152,5031.351571,304.5230204,521.0551724,295.4887881,162.4237411,0,416.3995856,769.1930804,0,0,0,0,0,0,0,0,0,0,0,0,0,0,0,0,0,0,334.5003164,0,0,0,0,0,0,0,0,0,0,0,0,0,0,0,0,0,0,0,0,0,0,0,30419.32218,1.20098833
Geranium_pyrenaicum,Geraniaceae,Geraniales,NB129_FA,0,0,0,168.8703598,139.3156289,0,316.1424959,0,105.4578777,0,0,0,327.9685983,0,0,0,0,0,146.4099362,0,0,0,262.5820183,1072.53096,340.3073852,0,0,0,0,6590.326113,0,701.9875406,0,0,0,0,0,0,0,0,94.61133912,0,0,0,0,0,0,2993.903941,103.0686275,0,713.5107292,203.9794809,3132.006717,106.9487489,289.9227746,0,0,0,152.4046554,0,0,0,0,0,0,0,0,0,0,0,614.4465112,0,0,0,0,0,0,0,257.5358,0,0,0,0,0,0,0,0,183.4844558,0,0,0,0,0,0,0,63.48717247,0,0,0,0,0,0,19081.20987,0.890561706
Geranium_sylvaticum,Geraniaceae,Geraniales,MS021,109.2319015,0,0,151.6060438,173.1948229,0,87.54799931,39.06681969,261.8590193,0,0,0,305.6057105,15.4890528,35.04360385,0,0,0,128.853706,0,0,0,0,0,20.05499968,1897.710051,0,26.01581917,0,3608.059059,0,0,40.82212216,205.2359272,0,0,0,0,0,0,329.6342717,0,0,0,0,51.48436047,701.8760973,4876.235867,0,46.62197135,1235.54973,147.7345838,1653.214664,46.73245261,101.3659924,37.7489357,0,0,177.3535726,0,0,0,0,0,0,0,0,0,0,0,167.4371973,0,0,0,0,0,0,0,176.440998,0,0,0,0,0,0,0,0,63.46411145,0,0,0,0,0,0,0,10.52711201,0,0,0,0,0,0,16928.81858,1.365947577
Glechoma_hederacea,Laminaceae,Laminales,NB_93,842.6534401,0,0,0,0,0,2.347366874,77.81120188,29.24586079,0,0,0,108.8900731,0,0,0,29.71606122,0,77.21301864,0,27.0367864,30.36119983,0,0,96.61359552,108.0771935,0,490.4088761,0,10491.31248,0,0,90.07702308,0,102.7388219,0,0,0,0,0,129.2677789,373.4500932,0,88.01127757,0,0,7861.761441,13459.89969,0,99.8555742,2981.582418,261.2597076,8204.335212,530.8015462,106.7968711,0,0,0,519.3121553,0,0,0,0,0,75.65874888,192.0542463,0,0,50.61639131,0,335.7072808,0,0,0,0,0,0,0,305.3201314,0,0,0,0,0,0,102.273966,0,186.4433815,0,0,0,0,0,0,0,65.20188391,0,0,50.38322512,0,0,41.37837503,48625.87439,1.952738495
Helianthemum_nummularium,Cistaceae,Malvales,LN_175,312.1313674,0,0,2.887344517,145.2264746,0,88.32247717,72.84559825,121.0455446,0,0,0,229.884544,52.27158923,0,0,0,0,58.63135955,0,0,0,0,0,61.30036138,26.4149873,0,67.15579753,0,4666.516781,0,0,78.03729892,0,0,0,0,0,0,0,121.9565187,0,0,72.12635253,0,70.73872889,3237.068113,1949.048976,0,52.19210412,1311.368295,93.92599738,2849.418476,609.6082037,58.57130634,168.3826198,0,46.9317949,137.4596961,0,0,0,0,0,0,72.41441558,0,0,0,0,99.08849749,0,0,0,0,0,0,0,255.5501944,0,0,0,31.40557108,0,0,0,0,144.2393415,0,0,0,0,0,0,0,25.29563005,0,0,21.69930195,0,0,0,17411.16166,1.203883215
Heracleum_sphondylium,Apiaceae,Apiales,LN_209,807.0126624,0,0,80.83534972,3.449055222,0,32.43469348,29.70090279,25.54997917,40.55520019,0,0,244.8398373,0,0,18.02465736,0,0,75.84551943,0,0,0,0,0,42.75252593,211.2542271,0,208.2098305,0,8635.353745,0,0,72.94218408,0,29.53188147,0,0,0,0,0,166.2048541,0,0,64.53180897,50.82704087,0,1722.791217,4642.178949,0,114.1882135,2786.830103,281.0311534,7696.358483,371.8153208,48.38564057,193.5847812,0,0,432.6156627,73.89512972,627.1935958,0,0,0,0,0,311.3783627,0,195.81482,0,82.5711265,0,0,0,107.6885068,0,0,1192.760852,348.4620055,618.7994438,0,0,145.8641196,0,0,0,133.9200832,333.5502748,0,0,0,0,0,0,0,31.37632366,0,0,24.73395528,0,0,0,33357.64408,1.327564363
Hieracium_piloselloides,Asteraceae,Asterales,NB294,124.7367207,0,0,736.3911323,79.71298135,0,66.18885414,53.98379465,186.3905033,0,0,0,477.7312762,0,0,0,64.035622,11.09918853,91.39608285,0,0,46.8930325,0,0,128.5952763,84.61166597,220.6377376,0,757.28601,5710.04478,54.20560494,0,0,0,0,0,0,106.8310418,408.2106044,26.58203559,167.7852993,0,0,0,668.3777953,849.8803345,5014.964613,6575.463853,586.3198781,0,1829.529096,144.7103982,2069.686744,471.3124329,260.1451874,0,58.80119393,0,283.7204427,129.880088,0,0,0,0,0,0,0,0,0,0,2140.090405,0,0,0,162.9882235,0,0,0,1462.530966,0,0,0,95.36881185,0,0,158.0222641,0,550.4540622,0,0,0,0,0,0,0,161.5822137,0,0,0,0,0,0,33277.17825,1.247203999
Hypericum_perforatum,Hypericaceae,Malpighiales,KH27,0,0,0,0,3.04008749,4.12699881,31.7122458,0,81.1995477,0,0,0,151.505696,0,0,0,0.73932349,0,6.62845328,0,0,0,0,0.77587771,3.9018248,8.83519375,24.5525381,0,0,506.4657453,0,0,1.02187411,0,0,0,0,0,0,0.57939006,7.17706358,0,0,10.5661538,0,16.3407419,581.321935,283.077626,0,0,95.3433226,7.94383671,136.621412,12.8301005,12.9105637,5.85679296,0,0,14.9102321,0,0,0,0,0,0,2.57502983,0,0,0,0,42.4674382,0,0,0,0,4.79054482,0,0,22.4731831,0,0,0,9.99347831,0,0,0,0,17.4507491,0,0,0,0,0,0,0,2.23128565,11.741137,0,0,1.65992507,0,0,2125.367348,1.149122834
Hypochaeris_radicata,Asteraceae,Asterales,NB341_FA,164.9696554,0,0,634.1893548,73.96497623,0,230.1364873,0,4741.834518,0,0,134.6608358,1242.353511,244.2236076,0,0,0,0,82.50214419,0,0,0,0,0,204.0832193,35.85603772,0,0,487.9073173,6690.939191,0,0,0,466.8806046,0,0,0,0,0,0,148.5718203,0,0,0,0,0,3373.317541,7338.802336,94.16094142,0,814.5464586,0,1274.526512,103.0675478,97.41055278,0,0,0,102.2014932,0,0,0,0,0,0,0,0,190.5125158,0,0,2560.31395,0,0,0,0,756.0053657,0,0,2166.714002,0,0,0,287.6711959,0,0,0,0,827.6936142,0,0,0,0,0,0,0,127.8066416,0,0,297.854768,0,0,0,35995.67872,0.613074711
Jasione_montana,Campanulaceae,Asterales,J82_1,91.48599333,0,0,54.62177793,114.6604906,0,61.38430882,39.66511183,121.0146846,17.86258124,0,0,954.2231885,7.119457968,13.28061067,0,0,0,202.8760716,0,0,0,0,0,241.5828372,50.35326466,0,23.71934923,0,6723.830699,0,0,6.218903577,11.46751368,7.721991125,0,0,0,0,0,192.1934189,0,0,0,0,0,3112.346414,7135.542696,0,30.28726492,2173.078048,321.9357386,247.672669,3447.0163,462.8044056,153.1638313,0,0,510.1837213,0,0,0,0,0,0,0,0,0,0,0,452.0501079,0,0,0,0,0,0,0,238.808729,0,0,0,41.76836991,0,0,0,0,369.9905482,0,0,0,0,0,0,0,55.40476494,0,0,0,0,0,0,27687.33586,1.31357723
Juglans_regia,Juglandaceae,Fagales,SL_J3_2_FA_2,0,0,0,0,181.7092824,0,31.51258423,0,50.26429208,0,0,0,304.8331058,0,0,0,0.873344308,0,78.94574619,0,0,0,0,0,0,448.5899415,0,0,0,71631.02408,0,0,0,0,10.04987417,0,0,0,0,0,317.3218867,0,0,0,114.3900486,0,10700.74559,43419.8288,0,690.9197421,0,7708.598331,741.0021633,4162.444336,53974.86497,1130.771332,237.6058027,74.82568496,1422.386298,646.7906462,49.13981922,0,0,0,48.47472191,314.4800938,0,0,0,0,0,0,0,0,0,454.6586287,0,0,740.9155065,0,0,0,155.8059217,0,0,8.752656507,0,979.5299125,0,0,0,163.3142347,0,0,0,183.3259791,0,0,0,0,0,0,201178.6954,1.6612165
Laburnum_anagyroides,Fabaceae,Fabales,SL_J564_1_FA_2,0,0,0,0,50.53625612,0,22.29334122,0,51.93354956,0,0,0,149.3461465,0,0,0,6.48003931,0,58.0449571,0,0,0,0,0,47.99415423,103.0580187,0,0,0,8645.682573,0,0,0,0,8.587820542,0,0,0,0,157.4224246,0,0,0,0,6.474515849,0,7036.028429,8506.136682,0,150.3868685,2168.218784,100.4727604,3400.177206,499.9771865,224.1577418,0,164.3695282,8.858416801,183.6261333,76.39114525,0,0,0,0,63.58498866,0,0,0,0,0,0,0,0,0,0,0,0,0,174.7460612,0,0,0,38.60344645,0,0,0,0,144.8982549,0,0,0,17.16799002,0,0,0,0,0,0,0,0,0,0,32265.65542,1.718896094
Lamium_album,Laminaceae,Laminales,NB_195,464.6711218,0,0,211.1300331,1.02746013,0,42.0621285,70.39763827,14.43159781,0,0,0,151.5530231,0,0,0,0,0,85.46196288,0,18.49248112,0,0,0,62.34070124,34.414639,0,32.17502303,0,3975.808299,0,0,42.06790077,0,37.73541452,0,0,0,0,0,98.36798582,73.92445572,0,0,0,0,1507.341026,3589.359418,0,203.9728518,1352.364975,101.5394308,4042.618353,1488.224782,200.6896036,246.6342754,0,0,190.0754857,74.19116417,0,0,0,0,0,114.9770332,0,0,0,0,361.4081941,0,0,0,88.02942096,0,0,0,353.4284294,0,0,0,107.501193,0,0,0,0,194.5407033,0,0,0,0,0,0,0,65.29171622,0,0,31.66135078,0,0,0,19729.91127,1.535614732
Lamium_galeobdolon,Laminaceae,Laminales,NB_62,110.7753134,0,0,0,49.12830021,0,276.0060586,54.27796547,845.6322384,53.79998916,0,0,1331.050996,0,0,0,13.6036496,0,90.63308256,0,0,0,0,0,93.5004283,97.52416944,0,120.9853976,0,9064.845262,0,0,15.07844551,0,54.70408135,0,0,0,0,0,170.5696357,29.09448624,0,150.4221832,0,0,7982.753973,15542.20904,0,173.4207644,2361.640509,324.2722727,6578.581425,410.9713371,103.867632,237.2525886,0,0,611.362222,225.8096309,0,153.0586663,0,0,0,258.5245146,0,0,0,0,216.7181955,0,0,0,0,0,605.6377729,0,512.9100957,0,0,0,0,101.6233625,0,54.41674931,0,252.0687617,0,0,0,0,0,0,0,62.26638353,0,0,23.40073002,0,0,0,49414.39831,2.131116453
Lamium_maculatum,Laminaceae,Laminales,NB82_FA,0,0,0,396.7823312,141.0202805,0,547.1028336,0,24.33659936,0,0,0,256.6980887,0,0,0,0,0,80.4704018,0,0,0,0,0,132.0253002,0,0,117.2480187,0,7348.5571,0,0,0,0,0,0,0,0,0,0,133.0911114,0,0,0,0,166.5076175,0,8902.506183,0,0,714.8232257,194.055272,1949.73751,0,117.1721221,115.3381844,0,0,144.3169261,0,0,0,0,0,0,0,367.33262,0,0,0,911.039102,0,0,0,0,0,0,0,392.5714887,0,0,0,54.74701763,0,0,0,0,210.6900186,0,0,0,0,0,0,0,60.15429368,0,0,0,0,0,0,23478.32365,1.061431156
Lamium_purpureum,Laminaceae,Laminales,LN_222 ,879.9053795,0,0,15.11788001,103.2968977,0,57.60524043,0,23.82962773,0,0,0,33.65248596,0,0,0,0,0,27.17629098,0,0,0,0,0,0,0,0,0,0,220.2990163,0,0,0,0,0,0,0,0,0,0,21.65217155,0,0,0,0,0,46.14373137,50.66651094,0,0,37.08870387,0,0,0,0,0,0,0,0,0,0,0,0,0,0,0,0,0,0,0,21.12027159,0,0,0,0,0,0,0,0,0,0,0,0,0,0,0,0,0,0,0,0,0,0,0,0,0,0,0,0,0,0,0,1537.554208,0.067194619
Lathyrus_latifolius,Fabaceae,Fabales,NB265_FA,0,0,0,76.01702691,81.05636457,0,144.6248543,0,2.610026106,0,0,0,395.2463812,0,0,0,0,0,134.300046,0,0,0,0,0,91.86186735,129.433334,0,205.5027958,0,34440.89963,0,0,0,0,0,0,56.40055251,0,0,0,185.0297762,0,0,26.39986241,0,0,0,70432.91229,0,0,1787.756437,45.21593849,0,3246.363712,359.5077463,327.9115097,0,0,369.2134993,0,0,586.357541,0,0,0,0,0,0,0,0,726.2710802,0,0,0,0,0,0,0,516.3790145,0,0,0,59.22183949,0,0,0,0,804.7164481,0,0,0,0,0,0,0,84.6390526,0,0,0,0,0,0,115315.8486,1.904632209
Lathyrus_pratensis,Fabaceae,Fabales,LN_317,533.1610518,0,0,0,126.1321916,0,44.68559777,68.96707265,43.77951783,28.67203813,0,0,365.2720101,0,0,0,0,0,130.2922501,0,0,0,0,0,91.70998265,119.2568751,0,85.5316223,0,24001.02779,0,0,20.00965286,0,46.79198003,0,0,0,0,0,173.590165,36.58766606,0,100.4838727,126.4827309,0,14600.27462,15284.40375,0,0,7537.834847,529.6709973,18906.47284,1631.556048,983.8620864,462.052354,0,0,1150.054266,129.6616942,147.5125999,0,0,0,47.15616122,89.93635567,0,0,396.0990813,0,505.5997253,0,0,0,135.6836973,0,0,0,717.1898308,0,0,0,90.54655975,0,0,0,0,563.617655,0,0,0,0,0,0,0,90.66182182,0,0,254.8526679,0,0,0,90397.13372,1.54182287
Leontodon_spc,Asteraceae,Asterales,NB159_FA,175.7270392,0,0,214.1639867,117.8875382,0,107.6742255,64.06915797,1423.034256,0,0,0,2119.541247,0,28.97951061,0,0,0,105.0737975,0,0,0,0,0,144.9803708,75.13807523,0,0,0,7229.271752,0,0,0,0,0,0,0,0,0,0,64.22389253,0,0,0,532.3976683,0,4108.856827,7900.54253,60.58078896,0,708.1223096,119.6225312,1721.664549,188.2265292,113.3463967,0,0,0,122.1589794,0,148.1552747,0,0,0,0,0,0,142.4523251,0,0,772.2459732,0,0,0,0,217.7764469,0,0,962.8786268,0,0,0,125.5159788,0,0,134.7926514,0,508.4619472,0,0,0,0,0,0,0,214.9904068,0,0,822.1937406,0,0,0,31494.74733,0.970659412
Leucanthemum_vulgare,Asteraceae,Asterales,LN_270,213.8519623,0,0,0,19.75405994,0,1809.317891,23.28216657,74.42288537,19.15868423,0,0,197.7283794,0,0,0,94.17971984,0,53.03725803,0,0,0,0,0,0,224.8851739,0,108.239198,0,4573.311454,0,0,28.66123344,0,36.59119763,0,0,0,0,0,106.1961392,0,0,71.1803027,0,0,4514.733569,5092.237522,0,0,2155.015512,70.2769451,1596.951225,676.3959857,140.3351411,143.2010506,0,73.26038863,166.5368634,40.71160375,54.09814049,0,0,0,0,321.1390148,0,0,314.2419845,0,1445.323259,0,1979.173533,0,132.7846771,0,0,0,224.1936251,0,0,0,60.70079174,0,0,80.11078796,0,222.6354833,0,0,0,0,0,0,0,198.6446237,0,0,70.80462899,0,0,75.81274902,27503.11681,1.288701626
Linaria_vulgaris,Plantaginaceae,Laminales,NB48_FA,0,0,0,0,161.7126915,0,212.2526131,0,164.0713681,0,0,0,370.8524867,0,45.97987543,0,0,0,123.432245,0,0,0,0,0,206.983979,55.61230848,0,0,0,3993.546257,0,0,0,0,0,0,54.99240555,0,72.63901353,0,826.3536898,0,0,0,0,0,0,0,86.38417081,0,653.8986241,0,0,0,0,0,0,0,0,0,0,0,0,0,0,0,0,162.6309598,0,0,630.6393045,0,0,0,284.8261758,96.39157671,0,0,440.6255571,0,0,0,118.199286,0,0,0,0,244.6648701,0,0,0,0,0,0,0,83.18686479,0,0,140.4006031,0,0,0,9230.276926,0.058680014
Lotus_corniculatus,Fabaceae,Fabales,LN_292,40.8773358,0,0,0,0,0,13.06834403,64.06886945,62.90507571,0,0,0,267.4565215,0,0,0,0,0,67.03561933,0,0,0,0,0,38.9109509,24.22522291,0,49.56847074,0,7575.687349,0,0,64.76831093,0,0,0,0,0,0,0,99.2460502,11.7445084,0,21.97650669,0,110.8468827,5100.047422,1536.515098,0,147.5896342,918.5541127,77.99382395,2969.730538,817.2385837,139.6524992,140.6229471,0,56.6246373,155.4072902,82.18876918,118.4618025,0,0,0,19.1813333,55.17995287,0,0,57.3458314,0,728.3941412,0,163.8321182,0,134.1929397,0,0,0,330.9130789,0,0,0,72.97005736,0,0,46.74285357,0,395.223548,0,0,0,0,0,0,0,67.37669829,0,0,18.04985189,0,0,0,22862.41558,1.073315947
Malus_domestica,Rosaceae,Rosales,NB_63,525.0852553,0,0,0,0,0,4.490307894,60.68615099,0,69.62318432,0,65.36087588,254.8428226,0,34.10133116,15.11407944,57.14606188,46.49623017,190.0930966,0,36.24672401,0,0,0,675.8284976,0,0,75.85227965,0,6335.154127,0,0,72.00204296,0,36.78604192,0,0,0,0,0,161.5886338,0,0,102.4098419,0,111.1890306,4970.685569,2806.476491,0,195.3996507,1549.244691,135.7691204,6137.130215,2787.885322,189.6558089,367.1727225,0,0,227.3627746,0,0,0,0,0,82.7307307,105.567238,0,0,0,0,421.519873,0,0,0,371.2801296,0,0,0,661.7474744,0,0,0,91.73121476,0,0,0,0,499.4270228,0,0,0,29.02551177,0,0,0,161.1712855,0,0,0,0,0,0,30721.07946,1.630744604
Matricaria_chamomilla,Asteraceae,Asterales,NB201_FA,0,0,0,193.2894536,31.17989192,0,362.9750492,0,63.40750105,0,0,0,889.9804539,0,49.43729189,0,0,0,53.0496641,0,0,0,0,0,79.61913284,148.0431564,0,32.41442892,0,2817.869189,0,0,0,48.17962909,0,0,0,0,0,0,52.43682207,0,0,0,0,0,1670.615044,1495.889404,115.1815576,0,757.3886523,0,315.2347015,136.4763375,0,0,0,0,0,0,0,0,0,0,0,0,0,114.9716669,0,0,400.0471944,0,0,0,0,0,0,0,109.9340461,0,0,0,78.52322828,0,0,0,0,0,0,0,0,0,0,0,0,182.7947642,0,0,201.8148604,0,0,0,10400.75312,0.644460092
Medicago_lupulina,Fabaceae,Fabales,NB_245,556.5473305,0,0,3.611774096,0,0,7.001532566,51.92566825,47.32632788,0,0,0,319.9646829,0,0,0,24.1630813,0,84.39796912,0,0,0,0,0,77.56249897,29.05643913,0,0,0,3100.359761,0,0,0,0,0,0,0,0,0,0,101.7529991,0,0,0,0,0,231.9542837,576.6536598,0,89.17444201,718.0707639,42.9178071,1495.408183,433.5250102,81.74688347,100.8754254,22.48045469,38.64270761,127.031483,53.4727333,0,0,0,0,51.62213071,59.28326044,0,0,0,0,316.7527214,0,0,0,63.99271891,0,0,0,216.2975199,0,0,0,54.21102721,0,0,0,0,145.3634304,0,0,0,0,0,0,0,78.04701232,0,0,41.92014102,0,0,31.82225255,9474.936116,0.572694375
Medicago_sativa,Fabaceae,Fabales,LN333,145.0150977,0,0,273.211157,28.76003542,0,44.85809735,0,33.06433085,0,0,0,217.7029589,0,0,0,19.64838899,0,98.89261753,0,0,0,0,0,151.4161687,110.7232536,0,93.01550111,0,24670.65299,0,0,0,0,0,0,0,0,0,0,136.3501493,0,0,0,0,260.2115407,11018.36553,15632.86373,0,0,3158.901313,413.0256687,9649.257719,900.7033823,706.9697502,286.0863552,259.9900431,0,829.9198554,0,0,0,0,0,0,0,0,0,0,0,0,0,0,0,0,0,0,0,285.6603494,0,0,0,58.45613576,0,0,0,0,442.4615949,0,0,0,0,0,0,0,60.16460977,0,0,0,0,0,0,69986.34832,1.330795683
Myosotis_arvensis,Boraginaceae,Boraginales,NB_214,1246.334754,0,0,31.08286177,0,0,1.835363108,0,0,0,0,0,1667.900525,0,0,0,0,0,60.62916193,0,0,0,0,0,53.1326866,35.12391573,0,55.93604245,0,2192.299854,0,0,0,0,0,0,0,0,0,0,70.75969638,80.17006116,0,0,0,0,1323.0855,2640.572794,0,149.8057808,631.017504,0,211.460632,165.6777987,0,65.53627098,0,74.28585631,0,0,0,0,0,0,0,49.07566615,0,0,0,0,169.8373503,0,0,0,43.9985671,0,0,0,170.0941183,0,0,0,46.42931302,0,0,0,0,223.7981525,0,0,0,0,0,0,0,111.9855502,0,0,0,0,0,0,11571.86578,0.702189371
Onobrychis_viciifolia,Fabaceae,Fabales,KH14,0,0,0,0,4.44417487,0,2.49417713,0,12.5399262,0,0,0,26.2978735,0,0,0,0,0,8.80225196,0,0.24642216,0,0,0,6.32300711,4.35193949,33.9217983,0,0,1146.622098,0,0,0,0,0,0,0,0,0,0,8.70073026,0,0,0,2.04666658,16.1884564,960.637702,816.073141,0,0,114.04862,21.5866766,354.424947,35.7194112,28.2894105,9.90019033,0,0,55.8894354,0,0,0,0,0,0,25.7417285,0,0,10.3545285,0,23.6224263,0,0,0,0,7.82287622,0,0,34.9348389,0,0,0,6.20847154,0,0,0,0,17.8684803,0,0,0,0,0,0,0,1.69893988,0,0,0,0,0,0,3797.801346,1.681862554
Origanum_vulgare,Laminaceae,Laminales,NB464,162.9661017,0,0,0,0,0,47.29058239,26.17766466,67.85407472,0,0,0,506.0196862,0,0,0,39.23129221,0,52.43070727,0,0,30.71526008,0,0,65.37831498,56.7445008,0,69.21122129,0,6486.226577,0,0,0,0,0,0,64.6856823,0,0,0,292.7213498,0,0,0,0,0,905.7526349,2098.433381,141.6525273,0,1113.056956,134.4794332,1446.006771,203.4305695,143.4528678,109.9171077,0,0,195.7495843,0,0,0,0,0,0,0,0,121.364188,0,0,359.9952568,0,0,0,41.37112605,0,0,0,218.7100361,0,0,0,54.40488546,0,0,0,0,186.4685438,0,0,0,0,54.81168799,0,0,160.011578,0,0,58.86528263,0,0,0,15715.58743,0.557043123
Papaver_dubium,Papaveraceae,Ranunculales,NB364_FA,0,0,0,19.19265503,33.9242279,0,78.33298729,93.8517867,91.96348628,0,0,0,180.0065077,0,0,0,0,0,68.22561171,0,0,64.39508901,0,0,0,84.27768304,0,320.1030123,0,9260.12394,0,0,0,42.75390655,0,0,0,0,0,0,14.61140677,0,103.6476918,0,0,180.1852011,7636.6699,17325.3948,61.99417302,0,449.9301313,208.2921117,1798.673213,100.2441606,167.6667939,84.17225965,0,0,150.8670641,0,0,0,0,0,0,0,0,0,0,0,60.35642602,0,0,0,0,0,0,0,345.1900769,0,0,0,52.85751188,0,0,36.36893513,0,376.3700668,0,0,0,0,0,0,0,73.78460236,0,0,0,0,0,0,39564.42742,2.403106643
Papaver_rhoeas,Papaveraceae,Ranunculales,NB_217,758.8983279,0,0,59.09151126,54.23260301,31.48235733,77.00244146,53.71658013,46.79321417,0,0,0,229.8545619,0,0,0,0,0,101.7855994,0,0,50.88839848,0,0,123.7850284,118.5555995,0,140.6006159,0,15997.82834,0,0,49.38895475,0,47.97457051,0,76.41047626,0,0,0,111.5167261,0,0,195.7557329,146.8427901,0,9514.552042,12461.36919,0,114.870584,2243.591157,524.679507,12636.91496,1764.178104,750.2833062,305.0593371,0,0,922.4659169,104.7510067,0,0,0,0,0,204.5022203,0,0,0,0,240.8928202,0,0,0,0,0,0,0,743.9481039,0,0,0,73.45090642,0,0,0,0,354.1002398,0,0,0,0,0,373.2168501,0,44.63878077,0,0,0,0,0,0,61849.86947,1.84771188
Phacelia_tanacetifolia,Boraginaceae,Boraginales,NB_150,465.8157356,0,0,37.31135667,0,0,68.4475675,58.92323365,28.20305715,0,0,0,355.4436038,0,0,0,14.11663388,0,90.98035139,0,0,0,0,0,294.17542,156.2229581,0,92.31133059,0,5800.897653,0,0,91.24032791,0,35.98898259,0,0,0,0,0,98.55854135,0,0,45.3948281,0,0,1105.404021,2142.053116,0,250.1884894,1405.11239,0,4290.679513,880.5332439,231.318881,198.4771921,0,0,227.3055477,38.50755377,53.35360815,0,0,0,38.65014072,49.49303677,0,0,0,0,227.7519665,0,0,0,0,0,0,0,245.1544796,0,32.98276678,0,51.52517518,0,0,18.79250719,0,138.9552579,0,0,0,0,0,0,0,120.7443938,0,0,60.18714943,0,0,31.58374095,19572.78575,1.049026676
Plantago_lanceolata,Plantaginaceae,Laminales,NB_126,0,0,0,0,0,0,0,67.96838131,0,0,0,0,188.852539,0,0,0,14.45277065,0,116.1221424,0,0,0,0,0,34.61324375,48.91719686,0,235.5947997,0,14027.3851,0,0,14.1415513,0,31.36264308,0,0,0,0,0,127.449313,392.8091953,0,0,0,0,7648.645399,9689.910797,0,293.8874001,3054.05116,446.89047,8754.202642,670.8364694,144.7008488,0,0,0,740.8875599,41.41418763,209.429573,0,0,0,303.943515,43.22130131,0,0,91.21606301,0,739.6114473,0,0,0,0,0,0,0,1074.510945,0,0,0,150.4774121,0,0,0,0,88.94091423,0,0,0,47.10175489,0,0,342.2858303,47.24546881,0,0,79.43467006,0,0,0,50002.5147,1.487105364
Plantago_media,Plantaginaceae,Laminales,LN_290,314.6400623,0,0,0,73.07721103,0,57.33446043,57.72893427,88.56914746,66.46263507,0,0,174.0112605,0,3.822335025,19.44681658,7.792228608,0,74.10457175,0,0,0,0,0,51.93534099,74.7371949,0,97.3344149,0,15783.47111,0,0,25.28974066,0,66.98232234,0,0,0,0,0,117.2359253,124.0162866,0,91.8080844,0,0,6871.047602,12604.17832,0,112.8359382,2987.525453,485.5842586,8166.627319,440.7312511,86.84077133,61.73405794,0,0,758.8817118,57.06110272,2600.646568,126.350519,0,170.2801465,108.4099624,77.99797438,12.90668807,0,21.74599238,0,346.2881006,0,0,0,236.0434729,0,0,0,284.2827562,0,0,0,102.2734181,0,0,0,0,87.48040145,0,0,0,0,0,0,0,54.5477479,0,0,122.8083326,0,0,0,54354.90995,1.537715754
Potentilla_erecta,Rosaceae,Rosales,NB467,226.1810131,0,0,155.895358,155.2591285,0,76.44965346,34.7703772,317.6919835,0,0,0,944.9641999,0,16.85173746,0,50.2052251,0,106.9511318,0,0,15.67437768,0,0,143.762681,50.99123144,0,0,0,3814.833443,0,0,88.46099697,0,0,0,0,0,0,0,0,0,0,0,0,0,1118.881225,1496.149695,0,0,1809.67821,48.18759052,801.1487137,218.264174,96.8780754,0,0,0,0,0,0,0,0,0,0,0,0,0,0,0,328.0027738,0,0,0,115.0374083,0,141.3838805,0,292.9394275,0,0,0,59.4719842,0,0,0,0,167.3227297,0,0,0,0,0,0,0,72.22999818,0,0,0,0,0,0,12964.51842,0.465104214
Potentilla_reptans,Rosaceae,Rosales,NB_190,427.1026886,0,0,0,26.03812303,0,9.346896544,23.02041422,73.62027759,0,0,0,157.9036139,0,0,0,8.968876009,0,30.42982488,0,0,6.906465884,0,0,25.57188342,22.83435932,0,28.34678165,0,1056.571791,0,0,0,0,7.657398883,0,0,0,0,0,41.67425749,2.258016757,0,7.408900787,0,35.05108046,384.0704006,258.8639605,0,39.2750552,415.841148,23.87378193,722.3181148,207.5238343,51.77899126,0,0,24.27702835,57.77153278,14.13663704,0,0,0,0,0,18.14880799,0,0,0,0,57.58593185,0,0,0,23.71553245,0,20.36168345,0,136.4261004,0,0,0,40.95469906,0,0,0,0,55.82523913,0,18.25404704,0,0,0,0,0,18.57073297,0,0,0,0,0,0,4580.28491,0.714959059
Potentilla_verna,Rosaceae,Rosales,LN322,0,0,0,121.3990855,116.077162,0,101.2635868,0,782.4318683,0,0,0,660.1128384,0,0,0,0,0,37.35339863,0,0,0,0,0,50.13798034,33.30173021,0,0,0,4408.596551,0,0,0,0,0,0,0,0,0,0,153.3273524,0,0,0,0,152.979386,2476.906078,3705.297742,165.1931266,0,1174.38983,127.8610945,3016.149557,372.5958225,281.3594502,132.6626848,114.9897395,0,298.5108155,207.9954945,0,0,0,0,0,0,0,0,0,0,0,0,0,0,0,0,0,0,463.6966166,0,0,0,67.02520642,0,0,97.31142563,0,123.1415582,0,65.91742748,0,0,0,0,0,49.53114483,0,0,0,0,0,0,19557.51576,1.335689849
Prunus_avium,Rosaceae,Rosales,NB51_FA,0,0,0,0,258.9647335,0,212.8831453,0,30.34837933,0,0,0,208.9425725,0,0,0,0,0,60.2529039,0,0,0,0,0,116.2398179,67.57711278,0,0,0,11431.27502,0,0,0,0,95.8169155,0,0,0,0,0,128.1306013,0,0,0,0,0,4548.492664,10602.24222,78.78596739,0,341.6486308,218.474564,1447.854123,0,122.0015438,0,212.3849529,0,160.9277855,0,0,0,0,0,0,0,0,132.4212174,0,0,776.6902658,0,0,0,0,0,0,0,782.0881143,0,0,0,65.76321395,0,0,85.11532186,0,550.7891438,0,0,85.27725871,0,0,0,0,63.02421639,0,0,0,0,0,0,32884.41241,1.160746852
Prunus_padus,Rosaceae,Rosales,SL_NB74,65.73860914,0,0,156.6487187,216.2496376,0,97.49758754,50.01753392,152.0777554,30.31775164,0,0,351.8052383,0,26.54584984,0,33.64146729,0,111.7227112,0,0,13.27789297,0,0,159.3787331,97.44046834,0,16.94893482,0,3871.216115,0,0,23.85495296,0,25.09042855,0,0,0,0,0,190.2419494,0,0,0,0,0,4031.049099,2716.230412,0,66.16902789,1433.661467,91.51815178,1856.890551,605.4885233,0,0,142.9931443,0,132.0341804,72.47610141,0,0,0,0,0,142.0894456,0,0,0,0,501.464692,0,0,0,0,0,0,0,967.1313591,0,0,0,204.0237061,0,0,26.77712172,0,503.2697219,0,0,0,34.02449341,0,0,0,87.72812013,0,0,23.0174768,0,0,0,19327.74913,1.071524081
Prunus_spinosa,Rosaceae,Rosales,NB_32,814.7165802,0,0,375.3718209,0,0,0,71.8462247,0,0,0,40.8301594,215.7345452,0,0,9.874232048,18.89192029,12.29838127,115.0429756,0,0,0,0,0,139.1034834,84.98948937,0,57.42014147,0,7186.466351,0,0,32.23993676,0,19.68274405,0,0,0,0,0,124.4790988,68.34403353,0,95.49263917,0,0,10343.49292,4895.525378,0,214.5509135,1164.308622,175.4039464,2290.10407,778.4938237,147.5781936,263.8318172,0,0,203.5766336,57.32147457,0,0,0,0,0,141.4562064,0,0,0,0,364.2746592,0,0,0,0,0,0,0,585.7636025,0,0,0,51.34506885,0,0,0,0,379.9349471,0,0,0,0,0,0,0,104.7650453,0,0,41.69030057,0,0,31.34583156,31717.58821,1.695882997
Quercus_petraea,Fagaceae,Fagales,SL_J620_1_FA_2,85.32301384,0,0,0,211.9228914,0,43.9905154,0,55.53947204,0,0,0,132.1247713,0,0,0,4.132804281,0,45.81903115,0,0,0,0,0,18.25279776,26.95306424,0,0,0,4720.078865,0,0,0,0,11.57146017,0,0,0,0,0,0,0,0,0,0,2610.250245,2054.675002,1243.799469,0,0,1415.146227,1145.808928,0,41.92839986,0,32.93487669,105.1647029,0,39.03345436,29.25741345,0,0,0,0,44.97048514,0,0,0,0,0,0,0,0,0,0,0,0,0,0,0,0,0,0,0,0,0,0,67.88811013,0,10.77757797,0,21.69373122,0,0,0,28.89309207,0,0,0,0,0,0,14247.9304,1.050271768
Quercus_robur,Fagaceae,Fagales,NB_122,683.8064942,0,0,72.05748765,134.2809885,0,20.46216065,52.9394869,22.00034737,0,0,0,115.9519271,0,0,0,0,0,90.59747243,0,0,0,0,0,71.23895935,118.5832672,0,127.5587764,0,8881.027205,0,0,17.42686347,0,10.07917398,0,0,0,0,0,90.4089248,0,0,102.0773776,0,81.71857976,7829.544176,7736.258023,0,2372.662644,2056.062109,223.9178334,3443.413518,719.0078039,286.4819018,194.8275047,0,31.22212594,317.6909163,0,0,0,0,0,0,164.6349848,0,0,0,0,278.3900009,0,0,0,0,0,0,0,260.0192619,0,0,0,53.48336555,0,0,23.45785578,0,175.0954482,0,0,0,0,0,0,0,56.97451936,0,0,20.63923886,0,0,0,36935.99872,1.787520853
Ranunculus_acris,Ranunculaceae,Ranunculales,NB_111,2002.515769,0,0,372.5041682,262.7443403,0,38.17460379,102.4314122,2.192154926,0,0,0,162.341228,0,0,0,0,0,126.6338488,0,68.01201833,0,0,0,52.23832595,59.76285589,0,118.8111389,0,11539.51792,0,0,33.7798112,0,31.67517615,0,0,0,0,0,107.6947325,93.17320319,0,93.41299855,0,0,4356.900191,10119.82733,0,176.8762225,1993.95887,249.2874412,4551.729136,403.2741332,470.6413224,323.9794593,0,0,461.0202437,259.4987669,0,0,0,0,48.33700662,43.97717855,0,0,0,0,184.3427514,0,0,0,0,0,0,0,190.1263841,0,0,0,131.7166247,0,0,0,0,104.6932475,0,0,0,0,0,0,0,0,0,0,0,0,0,0,39337.80201,1.247122683
Ranunculus_arvensis,Ranunculaceae,Ranunculales,NB_97,852.3494588,0,0,131.5958983,56.89576625,0,22.37558268,0,95.08803679,67.66404443,0,8.373064411,249.9502366,0,0,15.94509466,21.12042341,14.71266219,159.7319643,0,67.98622761,0,0,0,82.84116249,128.3067145,0,60.18581003,0,20971.10099,0,0,27.05294666,0,44.84861031,0,0,0,0,0,197.2055526,0,0,233.5143883,0,0,12056.56258,20104.44298,0,222.4044311,3243.547787,491.975456,7268.798947,553.479358,367.8718025,23.37812385,0,101.6904007,919.8265299,0,302.2081956,0,0,0,110.1657672,120.8385225,0,0,0,0,522.9332456,0,0,0,0,0,0,0,416.7619128,0,0,0,390.9813124,0,0,0,0,263.2229778,0,0,0,0,0,0,0,43.52901058,0,0,29.45681726,0,0,0,71062.92079,1.539300586
Ranunculus_auricomus,Ranunculaceae,Ranunculales,NB_108,467.9811423,0,0,21.75242084,0,0,14.50222779,42.72506476,21.74933773,0,0,13.71244619,72.56115143,0,0,0,0,0,65.45703808,0,14.52481066,0,0,0,62.73988002,29.27098891,0,50.69609708,0,4182.133758,0,0,24.06010509,0,16.15888984,0,12.92429795,0,0,0,66.51270042,0,0,43.19844629,0,42.10150428,1332.058294,936.1843864,0,0,1626.748139,105.2674985,4429.630681,1191.902203,196.7389443,12.70903604,0,0,165.3439179,0,0,0,0,0,0,58.97779617,0,0,0,0,102.9334641,0,0,0,0,0,0,0,136.2516601,0,0,0,269.9137324,0,0,0,0,117.1612647,0,0,0,0,0,0,0,29.8378728,0,0,25.02986029,0,0,0,16001.45106,1.172017794
Ranunculus_bulbosus,Ranunculaceae,Ranunculales,NB_175,684.0229192,0,0,106.072671,0,0,7.807951039,54.24087937,0,33.66316921,0,0,136.3349402,0,0,6.880644423,17.1947048,0,103.3047659,0,0,0,0,0,46.96735989,69.29215042,0,174.4792736,0,13735.46473,0,0,22.11157887,0,36.87800478,0,10.68354492,0,0,0,115.3737455,204.1201806,0,0,0,0,4740.099568,15224.59177,0,187.1546424,1760.126706,318.3569905,4322.396814,261.2347417,399.9424225,71.01319371,128.4844099,0,579.0017265,64.74367706,0,0,0,0,0,69.81316923,0,0,0,0,165.9773242,0,0,0,0,0,0,0,411.865287,0,0,0,384.0548899,0,0,0,0,138.3480515,0,0,0,0,0,0,0,22.35407909,0,0,57.21568484,0,0,0,44871.66837,1.450271145
Ranunculus_repens,Ranunculaceae,Ranunculales,NB411,0,0,0,197.7983219,83.08426665,0,32.78103405,0,65.1920704,0,0,0,225.2361184,0,0,0,0,0,70.31862219,0,0,0,0,0,97.44667388,100.8997999,0,74.48514511,0,9434.922492,0,0,0,0,0,0,0,0,0,0,143.4963219,0,0,0,0,0,3061.661205,6835.664121,0,0,2164.866813,192.5177105,4725.808292,402.2518919,477.4204193,179.3214419,168.6644491,0,482.9832551,0,0,0,0,0,0,0,0,0,0,0,0,0,0,0,0,0,0,0,269.162257,0,0,0,451.1303697,0,0,0,0,179.2039049,0,225.4901756,0,0,0,0,0,62.42116291,0,0,0,0,0,0,30404.22834,1.231869376
Rhinanthus_alectorolophus,Orobanchaceae,Laminales,NB147_FA,0,0,0,326.653066,126.3277323,0,490.7633713,0,219.6298435,0,0,0,319.797162,0,0,0,0,0,78.36397004,0,0,0,0,0,138.380145,686.9381143,0,58.70892707,0,13221.07067,0,0,0,0,0,0,0,0,0,0,69.46304499,0,0,0,63.32211045,0,0,23616.42875,0,0,1870.235284,346.9212305,5656.916072,360.7933872,385.3463151,100.4637888,0,0,505.8015186,0,0,290.5169856,0,0,0,0,0,0,0,0,390.22067,0,0,0,0,0,0,0,319.3071834,0,0,0,0,0,0,0,0,205.9732664,0,0,0,0,0,0,0,0,0,0,0,0,0,0,49848.34261,1.816845288
Rhinanthus_minor,Orobanchaceae,Laminales,NB240_FA,0,0,0,237.3750279,111.54553,0,209.8791861,0,122.7582479,0,0,0,481.0987003,0,0,0,0,0,61.07494317,0,0,0,0,0,164.1316388,580.2660173,0,0,0,11667.82244,0,0,0,0,0,0,0,0,0,0,73.11675998,0,0,0,0,136.6534664,0,23166.63739,0,0,843.9116089,328.7288044,3486.155242,0,383.2195669,0,0,0,391.0684207,0,0,0,0,0,0,0,0,0,0,0,332.0562786,0,0,0,0,0,0,0,386.1466718,0,0,0,0,0,0,0,0,195.5318866,0,0,0,0,0,0,0,69.74323671,0,0,0,0,0,0,43428.92107,1.935961559
Rosa_canina,Rosaceae,Rosales,LN283,0,0,0,37.42511643,92.12358699,0,89.11806755,40.0708875,475.638536,63.74657093,0,0,261.2503806,0,0,0,42.10844108,0,167.1551771,0,0,30.3438182,0,0,165.4754975,41.63508998,0,69.41307951,0,7996.286022,0,0,0,0,0,0,0,0,0,0,330.1980787,0,0,0,0,206.8706107,4264.066318,7006.408366,0,0,4127.72804,152.664478,1891.759519,248.6672635,183.8061407,0,0,0,213.7207469,0,0,0,0,0,0,0,0,380.4735427,0,0,632.4155172,0,0,0,0,0,0,0,984.0776946,0,0,0,109.2791069,0,0,0,0,282.5207716,0,86.67728204,0,0,0,0,0,54.74721812,0,0,0,0,0,0,30727.87097,0.934316725
Rosa_dumalis,Rosaceae,Rosales,NB123_FA,0,0,0,198.1526103,210.6248151,0,387.9751854,0,118.8232691,79.98050897,0,0,370.3395734,0,0,0,0,0,188.4864768,0,0,0,0,0,225.785019,80.57237064,0,0,0,10940.00215,0,0,0,0,0,0,0,0,0,0,326.6040585,0,0,0,0,0,5805.971492,12147.7213,0,0,1431.790193,209.1262521,1926.463593,0,201.4389035,0,0,0,237.834677,108.7524383,0,0,0,0,0,0,0,102.4825826,0,0,656.7473902,0,0,0,0,131.6799096,0,0,1687.327982,0,0,0,176.8226701,0,0,0,0,695.1588048,0,58.46036984,0,0,0,0,0,149.875046,0,0,0,0,0,0,38854.99964,1.188965889
Rosa_rubiginosa,Rosaceae,Rosales,NB423,618.5650528,0,0,0,58.69370738,0,68.64222064,0,89.4517331,0,0,0,557.9424996,0,0,0,0,0,814.9202989,0,0,0,0,0,0,0,0,0,0,5161.711762,0,0,0,0,0,0,0,0,0,0,0,0,0,0,0,0,4341.994103,4676.90728,0,0,2328.810705,267.7547456,2325.245461,412.8694123,238.3137857,134.9326988,0,0,305.7846016,0,0,0,0,0,0,0,0,0,0,0,694.7355795,0,0,0,247.9473025,0,0,0,961.5121012,0,0,0,114.2977676,0,0,0,0,425.3121234,0,59.34528325,0,115.0514961,0,0,641.724622,725.8282319,0,0,0,132.9930995,261.9917564,0,26783.27943,1.022079396
Rubus_caesius,Rosaceae,Rosales,NB459,127.6617887,0,0,0,11.96385524,0,21.97447794,36.33232212,77.29294318,0,0,0,370.6906408,0,10.15583702,0,34.92895899,0,121.979977,0,0,0,0,0,47.40203551,70.08949575,0,0,0,3933.510282,0,0,0,0,0,0,31.11931504,0,0,0,133.5674878,0,0,0,85.69243416,292.0329073,2041.424011,3638.466082,0,0,3239.845216,136.124928,1639.016849,143.9846201,134.4064415,0,0,88.36219368,165.4747964,0,0,0,0,0,0,787.2372527,191.5628508,395.4100002,0,0,2085.002817,617.6835604,0,566.133683,0,0,165.0178582,227.8596082,3194.161085,260.237622,0,0,109.9638012,0,0,0,90.13704345,627.6177193,0,68.20743371,108.1005208,0,0,0,0,83.14976023,0,0,0,0,0,0,26210.98251,0.745357119
Rubus_orthostachys,Rosaceae,Rosales,NB433,0,0,0,43.84186434,0,0,50.41447876,0,106.4516008,0,0,0,334.06682,0,0,0,0,0,32.3058108,0,0,0,0,0,53.57262183,34.89013195,0,9.880498208,0,6322.432721,0,0,0,0,0,0,0,0,0,0,87.86080812,0,0,0,0,0,3030.580554,6138.541075,0,0,1778.833601,103.5956807,2006.112161,135.7653407,158.0358485,0,0,0,244.0016755,0,0,0,0,0,0,0,0,152.5996198,0,0,510.0500393,0,0,0,82.74054471,0,0,0,42.14384058,26.87294604,0,103.3276749,112.0059066,0,0,0,94.78078572,472.253823,0,86.19161841,86.7269768,0,0,0,0,55.04529947,0,0,0,0,0,0,22495.92237,1.240556597
Rumex_acetosa,Polygonaceae,Caryophyllales,NB_125,822.1309504,0,0,58.4785604,55.5587758,0,54.18765363,72.9981661,36.60879015,0,0,15.47351446,224.1719356,0,0,15.86411066,28.27371293,8.540856019,64.17892686,0,11.77071221,19.96271254,0,0,112.6323125,46.31896348,0,9.84273025,0,5102.171368,0,0,35.88903807,0,18.5989628,0,111.1333869,0,0,0,76.59622115,262.1267035,0,62.28261792,0,34.49553831,5026.921837,4679.433113,0,306.3285519,897.8437204,27.71400543,1034.367948,599.1602119,134.8055756,207.9895945,37.68772624,0,112.4928381,0,0,0,0,0,144.4615482,87.08112187,66.94760126,0,0,0,385.7774579,0,0,0,0,0,66.2556589,0,231.8230894,0,23.41145192,0,37.7695105,0,0,35.32095983,0,191.8035502,0,0,0,0,0,0,0,61.53004435,0,0,18.82836596,0,0,0,21776.0427,1.504974094
Salix_cinerea,Apiaceae,Apiales,NB_19,322.3678871,0,0,0,0,0,51.63065253,80.07997075,553.8840428,22.62731942,0,0,1157.551783,0,0,0,45.37847952,0,123.3002209,0,0,37.08593971,0,0,74.05437066,34.76389014,0,44.42051811,0,6421.81685,0,0,0,0,33.08007657,0,0,0,0,0,112.2123569,32.29727388,18.17623357,96.15198035,0,0,4479.772379,4643.70308,0,134.9063456,2322.202639,206.3283287,3612.46106,458.8800808,114.4704245,201.5040274,0,73.7326205,354.9054116,68.66332521,0,0,0,0,56.258568,85.10427991,0,0,0,0,543.8838022,0,0,0,0,0,0,0,266.0767447,0,0,0,45.13823449,0,0,0,0,236.9877691,0,0,0,0,0,0,0,105.1880796,0,0,42.71774557,0,0,0,27313.76479,1.160665999
Salvia_pratensis,Laminaceae,Laminales,NB_158,0,0,0,100.6748189,0,0,5.913808453,69.61435909,0,0,0,0,747.3864582,0,0,0,83.12483624,0,66.06712485,0,0,94.17309706,0,0,0,64.15604677,0,1116.01853,0,15222.63588,0,0,54.00095863,601.5143564,80.57569923,0,0,0,0,0,173.529475,190.3367011,0,0,0,0,2209.993677,17354.26733,0,0,4130.938005,394.4229896,6512.353002,205.9095045,636.649685,235.5753027,87.83855689,0,793.3979395,0,0,0,0,487.6958144,95.10914171,288.8692072,0,0,103.797012,0,413.7759969,0,0,0,0,0,239.1268516,0,263.9065784,0,0,0,53.99562415,0,0,219.211074,0,254.6584698,0,0,0,0,0,0,0,151.4351891,0,0,28.87637335,0,0,0,53831.52548,1.216351685
Sambucus_nigra,Adoxaceae,Dipsacles,NB_191_A,481.2553713,0,0,0,32.47904303,0,97.25223106,83.52038316,7831.574042,79.19933658,58.80655291,38.44418543,920.1384435,0,92.33434836,52.0913569,101.6797522,100.3852458,323.4690687,127.5195708,20.12454247,0,114.9926015,0,1716.010486,0,0,619.0513953,0,14241.84928,0,0,88.30914287,0,29.76632507,0,0,0,0,0,901.7907109,199.6357726,0,419.8589875,0,0,40589.47858,15304.65422,0,270.7588393,14163.50999,104.1378832,2233.788626,1146.187536,120.4812155,120.0016226,0,0,320.1265124,0,0,0,0,0,447.69245,1047.275786,42.3091938,0,0,0,1601.46354,0,0,0,246.0097283,0,0,0,367.0181836,0,0,0,127.9089648,0,0,0,0,350.6445119,0,0,0,0,0,0,79.93687829,42.00815532,0,0,0,0,0,0,107496.9306,1.496407555
Sanguisorba_minor,Rosaceae,Rosales,NB_152,0,0,0,127.1701034,80.3222767,0,31.61375757,13.08782391,41.52778786,4.544142654,0,0,88.82652993,0,3.194320537,0,27.26669878,0,23.10164656,0,0,0,0,0,16.44867223,19.52779263,0,0,0,4217.672246,0,0,0,0,0,0,0,0,0,0,42.27921587,0,0,0,0,0,9595.849992,69.89095469,0,0,598.5992541,21.63068534,254.482143,13.22607156,20.13823041,32.8727668,12.33925489,13.96971775,93.46453585,30.08950648,105.2339076,0,0,0,0,0,0,0,0,664.5941631,0,0,0,0,31.75029359,0,0,0,260.3072375,0,201.6676595,0,19.22677689,0,0,89.86544922,0,36.63523416,0,0,0,32.14662774,0,0,0,13.45993556,0,0,5.581048412,0,0,0,16953.60446,1.860745194
Scorzoneroides_autumnalis,Asteraceae,Asterales,NB339,629.3028712,0,0,588.6772154,68.82444793,0,135.7250137,0,2369.495171,0,0,0,1526.338213,0,0,0,28.90338204,0,119.8800668,0,0,0,0,0,286.9087636,98.44555896,0,243.0185958,0,7895.198181,0,0,0,0,0,0,0,0,0,0,136.2184547,0,0,0,0,0,6558.649184,8940.641611,1739.846202,0,1832.627848,172.2813149,1361.588363,256.9420197,124.1576375,0,0,0,205.2742838,0,0,0,0,0,0,0,0,0,0,0,1468.503786,0,0,0,531.8228136,0,0,0,1414.32029,0,0,0,0,0,0,146.2238216,0,779.251921,0,0,0,0,0,0,0,194.0844312,0,0,0,0,1544.345494,0,41397.49696,0.924879615
Senecio_jacobaea,Asteraceae,Asterales,NB375,319.8644214,50.69505495,25.55006331,611.1908686,45.63135237,0,68.64546431,0,221.7736584,0,0,0,1266.901416,0,0,0,63.40346111,0,139.3352774,0,0,0,0,0,153.8028834,257.3135713,0,149.4902774,0,8056.832446,0,0,0,0,0,0,0,0,43.81062499,0,245.4199683,0,0,0,0,222.4653573,4042.330734,2440.874254,265.9485266,0,3814.235253,83.02166717,1555.903857,558.5239501,121.4454884,0,53.8064253,0,0,0,0,0,0,0,0,0,0,0,0,0,1167.761267,0,0,310.0424099,0,0,0,0,406.1816621,0,0,0,124.8052393,0,0,92.48592269,0,300.1681405,338.8893406,0,0,0,0,0,0,274.510055,0,0,0,0,221.8548786,0,28114.91524,0.554220788
Sorbus_aucuparia,Caryophyllaceae,Caryophyllales,CLN167,0,0,0,58.44536607,68.14104293,0,69.42719225,44.63910639,181.8614672,0,0,0,1274.943001,0,39.08318779,0,99.96897845,0,157.9611791,0,0,0,0,0,253.1411573,326.3201709,0,0,0,15232.36411,0,0,0,0,0,0,0,0,0,219.0535601,274.2852158,0,0,0,1556.969705,2079.373755,17253.40877,17302.12442,0,274.2010595,1153.800983,278.8851401,1923.591223,281.2959855,258.5010122,0,0,0,360.2265372,0,824.866414,0,0,0,0,463.7517615,0,0,260.5839455,0,0,0,0,0,0,0,263.4334924,0,180.3399357,125.0113082,0,0,104.9787392,85.58545816,0,0,0,367.3200296,0,0,0,0,0,0,0,30.42365092,0,0,0,0,0,0,63728.30806,2.244389033
Sorbus_aucuparia,Rosaceae,Rosales,NB_137,0,0,0,0,0,0,0,47.5071899,0,0,0,9.401628717,100.120891,0,0,0,10.37460074,0,45.0431022,0,0,0,0,0,53.26331804,22.06039829,0,31.98966618,0,2136.535598,0,0,0,0,0,0,0,0,0,0,58.03917536,0,0,30.73877301,0,186.3644806,3309.039253,1175.293061,0,117.8795944,279.2000001,52.49651929,639.7431738,350.9250836,54.63811358,106.7988528,0,116.3300883,112.7246248,0,0,0,0,0,0,46.13260694,0,0,0,0,190.7026252,0,0,0,31.34719498,0,0,0,319.1392523,0,0,0,56.57537702,0,0,0,0,269.6559665,0,0,0,0,0,0,0,50.69552366,0,0,16.53262326,0,0,0,10027.28836,1.666981762
Rabelera_holostea,Caryophyllaceae,Caryophyllales,LN260,12.21488509,0,0,57.73506712,134.7940854,0,94.13457436,41.32431496,526.3372907,71.77481958,0,397.278923,245.555074,1638.418204,10.84151157,0,0,19.96542092,31.98941274,0,0,0,0,0,72.20512212,94.37917845,0,100.2548407,0,6316.048894,0,0,682.5214168,0,49.501955,0,0,0,0,0,280.606493,0,86.6161454,0,1930.339411,0,4102.72663,4262.059125,0,175.8274598,2373.537392,0,2922.516515,607.3864152,247.3958881,321.3700553,0,0,214.5862801,0,247.8327728,0,0,0,0,263.2547296,0,0,0,0,417.5825392,0,0,0,0,0,0,0,269.1661406,0,0,0,61.32341184,0,0,56.17384023,0,100.4867012,0,0,0,0,0,0,0,27.64714116,0,0,0,0,0,0,29565.71008,1.483391134
Symphytum_officinale,Boraginaceae,Boraginales,NB_213,359.7491529,0,0,0,0,0,9.697167851,48.69205155,0.811254672,52.46657018,0,38.16677882,342.4064868,0,17.56319894,16.60295561,24.48671816,14.09247323,134.1549911,0,0,0,0,0,224.8662555,125.9795805,0,52.85654609,0,11774.76109,0,0,96.19171021,0,23.08549615,0,0,0,0,0,153.9373665,736.2549867,0,0,0,0,3556.912132,7620.802737,0,0,2983.046818,202.9409939,7524.27073,375.715973,0,234.8774807,0,81.76881657,616.9044265,110.5271379,0,0,0,0,0,177.8036697,0,0,0,0,620.6075583,0,0,0,138.3065425,0,66.95512026,0,510.912943,0,0,0,94.26592085,0,0,363.8904004,0,260.2376605,0,0,0,0,0,0,0,75.3701783,0,0,0,0,0,0,39862.94007,1.23047149
Syringa_vulgaris,Oleaceae,Laminales,NB212_FA,0,0,0,131.9474618,89.75552251,0,54.31884288,0,64.02855876,0,0,0,749.0809347,0,0,0,0,0,73.14694547,0,0,0,0,0,158.6390188,85.69081575,0,0,0,9127.674778,0,0,0,0,0,0,102.5415602,0,0,0,227.0265827,0,0,0,580.5893656,0,9392.942365,7814.187531,126.5496138,0,748.0616685,0,486.083932,297.0692527,0,0,0,0,80.39950829,0,0,0,0,0,0,0,0,126.5472399,0,0,1253.876683,0,0,0,0,0,0,0,887.5003026,0,0,0,0,0,0,0,0,457.1128757,0,0,0,0,0,0,0,159.8894599,0,0,93.80850307,0,0,0,33368.46932,1.346624997
Taraxacum_agg,Asteraceae,Asterales,LN_254,343.6553217,0,0,398.1472086,184.7613997,0,257.6822128,54.70777419,4377.142129,0,0,0,292.8187218,0,0,0,0,0,231.5658854,0,0,0,0,0,0,151.5021115,0,237.3516533,0,12080.74064,0,0,33.81225428,0,85.66721386,0,0,0,0,0,194.88232,215.648976,0,0,0,207.6999606,6885.084357,4559.86321,0,278.3478795,8851.406604,414.7445956,11293.69385,1903.399436,281.1262878,357.2009746,0,194.8189963,423.537723,106.7000434,101.1995187,0,0,0,0,95.91392013,0,0,0,0,2592.342617,0,270.3501389,0,475.0607014,0,189.5259456,0,1881.675817,0,0,0,232.4039594,0,0,0,0,896.9300724,0,0,0,0,0,0,0,238.2848848,0,0,178.3353456,0,0,0,62049.73266,0.808281819
Thalictrum_flavum,Ranunculaceae,Ranunculales,J_48_1,210.1112058,0,0,179.5648616,139.6317647,0,117.9089278,96.57023626,114.0546875,56.95270718,0,0,359.4846389,0,9.183953661,0,13.93624577,0,125.6523858,0,0,56.42935436,0,0,176.6196973,107.390861,0,21.20011238,0,7628.083304,0,0,23.81381649,16.21074196,0,0,0,0,0,0,185.9144309,0,0,0,0,0,5429.117215,3045.688485,0,188.6638517,2789.826262,112.5445821,4022.44625,1340.883884,0,235.8820975,0,0,180.8500628,0,0,0,0,0,0,56.18344317,0,0,0,0,743.0383042,0,0,0,0,0,0,0,360.866926,0,0,0,153.4170926,0,0,0,0,365.6344034,0,0,0,52.66624349,0,0,0,53.29762947,0,0,0,0,0,0,28769.72066,1.073725005
Thymus_pulegioides,Laminaceae,Laminales,NB377,9.097078322,0,0,110.9444847,24.78140271,0,13.47939916,0,96.66623709,0,0,0,348.2201171,0,0,0,57.09272797,0,77.88407032,0,0,0,0,0,133.1703812,47.94137633,0,29.62258441,0,2353.328277,0,0,0,0,0,0,40.85432498,0,0,0,157.6152271,0,0,0,0,0,645.6695925,1149.66078,92.59647192,0,626.3108872,40.35952005,473.9364605,724.7739135,0,0,0,0,0,0,0,0,0,0,0,0,0,0,0,0,552.7334752,0,0,0,350.2664605,0,0,0,246.4545327,0,0,0,0,0,0,0,0,238.4849643,0,0,0,0,0,0,0,105.046849,0,0,0,0,149.3001384,87.92978481,8984.221519,0.582812302
Tilia_cordata,Malvaceae,Malvales,NB314,0,0,0,52.02156547,16.6735751,0,17.57069018,0,29.43191212,0,0,159.0754705,192.8672581,0,0,0,0,0,67.38906251,0,0,0,0,0,78.73082941,133.2434784,0,0,502.6720375,12226.94903,0,0,0,0,0,198.1999792,0,181.0068159,0,0,76.26282861,0,0,0,0,0,13953.74976,11875.00157,0,0,739.6704624,210.648672,1934.31991,324.3245669,225.8473863,0,53.70620945,0,256.3880368,920.141718,0,0,0,0,0,0,0,0,0,0,0,0,0,0,0,0,0,649.0335548,573.8642758,0,0,0,45.99828341,0,84.53996535,0,1804.161925,242.0209158,0,0,0,0,0,1198.222406,1032.572208,0,0,0,0,0,0,0,50056.30636,2.365940536
Tilia_platyphyllos,Malvaceae,Malvales,NB262_FA,0,0,0,254.6072449,206.8504423,0,267.6694208,0,42.19575961,0,0,0,293.3453219,0,0,0,0,0,112.0078876,0,0,0,0,0,151.3100089,66.13420532,0,0,165.4509732,7144.257179,0,0,0,0,0,194.7837863,0,126.5260894,0,0,122.0532858,0,0,0,0,0,0,2536.665552,207.7393136,105.9414112,648.406275,0,909.3448667,0,0,0,0,0,82.07358254,0,0,0,0,0,0,0,0,0,0,0,1442.930226,0,0,0,0,0,0,237.6202955,370.5777316,0,0,0,108.8702115,0,0,0,829.5764326,419.786161,0,0,0,0,0,0,0,1177.848328,0,0,0,0,0,0,18224.57199,0.430732447
Tilia_tomentosa,Malvaceae,Malvales,J_523,94.1713988,0,0,85.93429375,247.3855378,0,110.8841471,81.91129878,125.9048829,0,0,0,282.8942269,0,10.79412573,0,0,0,46.05908,0,0,0,0,0,121.2911354,36.22668521,0,154.4765711,0,5157.766502,0,0,32.11905444,16.72446158,0,50.44706373,0,0,0,0,92.86681828,0,0,6.276253126,0,0,1801.864899,1418.206491,0,192.1915694,2668.617333,0,4266.612106,1291.685048,0,238.7281155,0,0,72.97787326,0,0,0,0,0,0,95.85152498,0,0,0,0,459.5085586,0,0,0,0,0,0,0,177.6616086,0,0,0,29.41029188,0,0,1311.729602,0,322.5371888,0,0,0,0,0,0,0,1089.887708,0,0,0,0,0,0,22191.60345,0.966030901
Tragopogon_pratensis,Asteraceae,Asterales,KH021,0,0,0,10.3235046,13.0020168,0,27.5416355,3.94147227,304.817347,0,0,0,50.6061704,0,1.59874275,0.88687762,2.77250043,1.38675436,15.9143742,0,0,2.32618975,0,0,17.3909683,4.16359229,39.2622709,0,0,882.4323604,0,0,4.06074724,0,0,0,0,0,0,0,23.3364165,0,0,28.4541744,0,43.8774801,796.004944,1494.58423,0,0,130.01295,26.1094589,322.690118,42.1936294,15.7579685,7.48807169,0,0,55.2793083,0,45.0605376,7.31366417,0,0,0,7.84608208,0,0,0,33.0176954,95.9838065,0,0,0,57.491983,15.8450642,0,0,42.0318041,0,0,0,17.9300806,0,0,0,0,35.6864451,0,0,0,0,0,0,0,14.3314222,0,0,3.24689772,0,0,11.0598445,4755.061602,1.690761464
Trifolium_dubium,Fabaceae,Fabales,NB357_FA,0,0,0,105.0596124,98.69807027,0,78.56110296,0,90.80116979,0,0,0,1281.513353,0,17.74048279,0,0,0,57.10078455,0,0,0,0,0,77.01719026,45.71819003,0,0,0,5044.101819,0,0,0,0,0,0,0,0,0,0,28.79788927,0,0,0,0,0,2451.56815,4186.827753,60.07672888,0,1157.783646,0,535.6207371,86.00465676,32.32336966,0,0,0,32.47323771,0,0,0,0,0,0,0,0,121.9715111,0,0,342.1897455,0,0,0,0,0,0,0,203.9351277,0,0,0,0,0,0,0,0,198.1597922,0,0,0,0,0,0,0,91.2564514,0,0,109.8708491,0,0,144.5735111,16679.74493,0.843036533
Trifolium_pratense,Fabaceae,Fabales,LN_186,164.7789641,0,0,0,0,0,6.916108954,45.80950927,49.44473476,0,0,0,99.61587666,0,0,0,10.81304716,0,64.60424312,0,0,0,0,0,31.05894736,19.05758568,0,33.33664743,0,5987.513547,0,0,20.02915251,0,14.42275602,0,4.760164464,0,0,0,53.54798943,15.59096131,0,0,0,0,642.826609,2514.096568,0,0,1178.208541,142.789557,3725.356789,231.1792986,43.48815743,113.6843348,0,0,254.4139602,50.00437462,46.02743674,0,0,0,223.8166108,100.1364171,0,0,0,0,293.8317917,0,0,0,118.8729044,0,0,0,285.9011138,0,0,0,50.05735857,0,0,0,0,137.0983226,0,0,0,0,0,0,0,75.46645652,0,0,23.06802129,0,0,0,16871.62486,0.935241644
Trifolium_repens,Fabaceae,Fabales,LN_269,237.764563,0,0,0,56.96631469,0,25.32704775,0,38.15717322,0,0,0,89.49784055,0,0,0,10.08590364,0,60.17648589,0,0,0,0,0,44.78847318,25.60670403,0,8.406327662,0,2536.444264,0,0,0,0,0,0,15.93163404,0,0,0,65.36723761,0,0,0,0,0,115.5598883,384.7260368,0,73.97393536,884.0956664,18.07028021,1853.080775,462.3746814,107.430034,140.849233,0,0,92.89806493,0,0,0,0,0,0,28.22325425,0,0,0,17.49685388,184.9142426,0,0,0,123.4095389,0,0,0,167.5973407,0,0,0,40.59525654,0,0,0,0,158.9796718,0,0,0,0,0,0,0,87.34782463,0,0,47.02194681,0,0,56.16038046,8259.324875,0.687557953
Urtica_dioica,Urticaceae,Rosales,J_43_2,59.10828814,0,0,136.2040188,169.606201,0,85.69053937,48.55397697,67.677935,16.56950331,0,0,158.9468762,0,52.04233425,0,6.496548007,0,50.7339466,0,0,20.08118211,0,0,69.08806699,74.98709209,0,20.16995753,0,2737.107464,0,0,12.71285117,8.900757672,11.60031067,0,0,0,0,0,85.24074842,0,0,0,0,0,2608.432845,852.7966544,0,65.27892471,1115.693858,0,1085.984397,620.2526964,0,78.49871879,109.1573847,0,73.33006143,0,0,0,0,0,0,82.6633562,0,0,0,0,188.7732202,0,74.24499388,0,0,0,0,0,178.4652148,0,0,0,16.96864909,0,0,0,0,57.82907535,0,0,0,0,0,0,0,14.3274865,0,0,17.41320346,0,0,0,11131.62934,1.043974133
Veronica_austriaca,Plantaginaceae,Laminales,NB238_FA,0,0,0,0,97.02716399,0,92.36287356,0,141.4527718,0,0,0,151.3008529,0,0,0,0,0,92.24083893,0,0,0,0,0,124.9643013,66.74764722,0,0,0,12249.59893,0,0,0,0,0,0,0,0,0,0,39.88279725,0,0,0,0,0,3806.581079,15652.53694,0,0,1780.593956,346.7619847,4856.695231,206.9970279,355.3433413,0,0,0,344.5680753,0,0,0,0,0,0,0,0,0,0,0,831.8887456,0,0,0,0,0,0,0,608.8252853,0,0,0,0,0,0,0,0,413.8491403,0,0,0,0,0,0,0,0,0,0,0,0,0,0,42260.21899,1.561377003
Veronica_chamaedrys,Plantaginaceae,Laminales,NB_151,1144.263373,0,0,0,0,0,0,23.92430849,19.05963443,0,44.84129218,43.61877404,275.4072058,0,19.93877456,26.45775509,63.34807138,28.38463647,116.2661574,0,0,113.4011077,0,0,287.8858778,0,0,76.649632,0,11547.70463,0,0,70.33635073,0,44.63590776,0,252.6832284,0,0,0,113.9914448,263.3678263,0,0,0,0,2283.239512,9182.648507,0,178.1974598,2533.844511,361.5615285,7138.284086,526.8706866,0,0,132.154457,89.80262091,584.0901681,0,0,0,0,0,0,59.69219434,0,0,63.5274393,0,247.0008516,0,0,0,0,0,0,0,705.8904283,0,0,0,142.7815839,0,0,0,0,368.3978875,0,0,0,0,0,0,0,56.72124686,0,0,51.87802691,0,0,0,39282.74919,1.148784617
Veronica_hederifolia,Plantaginaceae,Laminales,SL_NB13,53.37282323,0,0,55.24527014,168.7525315,0,47.22543049,20.16954211,64.97847586,17.31395039,0,0,88.09567259,0,10.70950261,0,15.89422684,0,23.99391478,0,0,11.88762541,0,0,16.14466688,11.92526228,0,9.05239368,0,984.6996764,0,0,0,0,12.93379121,0,0,0,0,0,0,0,0,0,0,0,264.9346214,54.75117296,0,7.641997122,842.4886499,4.444244039,30.98969272,11.94407705,0,0,5.871860794,0,4.902685472,5.599098216,0,0,0,0,0,0,0,0,193.8859759,0,0,0,0,0,0,0,0,0,20.80617333,0,0,0,0,0,0,2.290066246,0,12.72471472,0,0,0,0,0,0,0,3.644099133,0,0,0,0,0,0,3079.313885,0.246756286
Viburnum_opulus,Adoxaceae,Dipsacles,SL_NB149,249.2524655,0,0,187.6435985,247.2757685,0,71.30839829,28.91579057,96.12210424,26.15960861,0,0,391.852138,0,17.8575947,0,17.64727867,0,104.6208883,0,0,9.179855378,0,0,114.8636883,73.0985593,0,43.72780511,0,4800.020207,0,0,165.1415784,0,40.33157314,0,0,0,0,52.7006022,0,0,0,0,0,0,4609.860378,2679.400823,0,32.25953287,1476.937307,60.62662467,1917.517599,810.6342426,101.924441,0,252.645149,0,102.582758,44.43615475,494.1478315,0,0,0,0,0,0,0,275.6257716,0,1092.863432,0,0,0,0,0,0,0,416.5703467,0,0,0,45.51596161,0,0,27.84000679,0,269.0497689,0,0,0,22.85843926,0,0,0,246.9704321,0,0,60.41320084,0,0,0,21778.3997,1.087336945
Viburnum_rhytidophyllum,Adoxaceae,Dipsacles,NB_116,863.0529565,0,0,0,46.88513671,0,0,52.30028392,33.06240059,0,0,0,183.7752673,0,0,6.217566012,10.87031585,0,72.54719673,0,0,27.63364737,0,0,53.68967159,120.1783757,0,112.4557369,0,11430.9871,0,0,20.82435863,0,14.72322119,0,0,0,0,0,80.92322776,0,0,71.9915802,0,0,9531.875921,6884.31542,0,114.8426999,1594.50113,129.1861724,1930.044519,346.5864914,132.3925959,62.21631128,54.06761248,0,253.7172296,42.25076329,0,0,0,0,0,77.6411789,0,0,0,0,489.0847727,0,0,0,0,0,0,0,515.5308656,0,0,0,116.3174449,0,0,0,0,290.3936647,0,0,0,0,0,0,0,50.40361845,0,0,26.09351588,0,0,0,35843.57997,1.227325994
Vicia_cracca,Fabaceae,Fabales,NB470,0,0,0,237.1093088,48.27399514,0,41.03392835,0,52.63532844,0,0,0,320.7843762,0,10.05786787,0,44.30902663,0,94.23450938,0,0,0,0,0,202.6826007,135.4418877,0,83.29097234,0,6899.613482,0,0,0,0,0,0,0,0,0,0,138.4126738,0,0,0,44.18139201,0,2817.463924,4912.607202,0,0,1720.568021,153.5024081,3639.292408,425.8532206,316.119532,123.2625777,102.7639698,0,296.0477994,0,0,0,0,0,0,0,0,0,0,0,1006.459607,0,0,0,256.9648897,0,0,0,565.3353137,0,0,0,85.40274511,0,0,0,0,382.6411352,0,0,0,0,0,0,0,94.46448598,0,0,0,0,0,0,25250.81059,1.072396058
Vicia_hirsuta,Fabaceae,Fabales,NB_243,947.295039,0,0,22.974406,0,0,34.97499687,73.75425466,83.7078377,22.26262546,0,47.78629198,897.1300933,0,33.7477228,16.71685682,28.71784981,23.43528132,199.2154476,0,41.53080211,0,0,0,216.4623887,38.10040984,0,52.83137486,0,6570.562445,0,0,72.91136494,0,28.06528414,0,24.26431072,0,0,0,212.7612096,0,0,0,0,0,1210.481406,1999.540317,0,102.1628735,1863.890891,87.31646659,3102.835464,456.1861846,177.9707896,144.0792478,0,0,259.3730219,163.0205033,35.99655943,0,0,0,78.3900934,124.4591284,0,0,36.20249458,0,1127.605968,0,0,0,174.0107508,0,0,0,662.5202917,0,0,0,115.6547625,0,0,0,0,444.7719573,0,0,0,0,213.1405446,0,0,120.6107746,0,0,87.46360481,0,0,34.30578298,22511.19817,0.589115292
Vicia_sativa,Fabaceae,Fabales,NB_230,307.4082989,0,0,0,3.275878659,0,0,57.73172587,95.70256042,0,0,0,278.0178046,0,0,0,0,0,81.0772353,0,0,0,0,0,70.25654049,56.17953207,0,552.1358947,0,13506.02647,0,0,30.18325766,0,31.74819384,0,16.93066895,0,0,0,87.58596371,54.52191247,0,110.4122368,112.0746427,59.73982449,2557.713232,12876.4266,0,184.277123,2125.708677,668.799096,7145.074772,236.291131,587.7685511,110.0389673,0,0,727.9030057,0,0,0,0,0,0,57.37465378,0,0,120.4519057,0,398.9161712,0,0,0,0,0,0,0,467.6451897,0,0,0,50.0197929,0,0,0,0,157.4226077,0,0,0,0,0,0,0,22.90713331,0,0,0,0,0,0,44005.74725,1.408575752
Vicia_sepium,Fabaceae,Fabales,NB_204,364.427384,0,0,0,0,0,0,47.87272445,0,0,0,4.296396101,306.5456826,0,11.77166588,7.601157538,8.832107846,0,42.92649543,0,0,0,0,0,51.48239493,29.42975188,0,34.69375083,0,6888.886785,0,0,17.62231039,0,17.20342924,0,7.620234045,0,0,0,59.75349306,23.4653644,0,0,75.50679266,0,1272.207638,5461.375041,0,128.8317032,1233.358188,241.269182,3828.835029,194.1750426,290.9951348,118.2991797,24.96945822,0,373.5640161,0,0,0,0,0,27.84703192,31.68075111,0,0,51.2443396,0,234.9677265,0,0,0,0,0,0,0,203.1338116,0,0,0,41.81934192,0,0,0,0,148.6717865,0,0,0,0,0,0,0,29.37845154,0,0,15.4419458,0,0,0,21952.00272,1.252065389
,,,,,,,,,,,,,,,,,,,,,,,,,,,,,,,,,,,,,,,,,,,,,,,,,,,,,,,,,,,,,,,,,,,,,,,,,,,,,,,,,,,,,,,,,,,,,,,,,,,,,,,,,,,
,,,,,,,,,,,,,,,,,,,,,,,,,,,,,,,,,,,,,,,,,,,,,,,,,,,,,,,,,,,,,,,,,,,,,,,,,,,,,,,,,,,,,,,,,,,,,,,,,,,,,,,,,,,
